filename,left,top,right,bottom
2018168.0148_11.png,0,0,0,0
2018054.1412_20.png,0,0,0,0
2018048.1606_00.png,0,0,0,0
2018044.0900_10.png,0,0,0,0
2018103.0024_31.png,0,0,0,0
2018100.0824_12.png,0,0,0,0
2018083.0700_20.png,0,0,0,0
2018101.1618_11.png,0,0,0,0
2018142.1642_31.png,0,0,0,0
2018167.1536_21.png,0,0,0,0
2018040.2018_02.png,0,0,0,0
2018108.0348_01.png,0,0,0,0
2018104.1348_22.png,0,0,0,0
2018051.0136_10.png,0,0,0,0
2018018.1524_02.png,0,0,0,0
2018101.1618_20.png,0,0,0,0
2018110.0824_12.png,0,0,0,0
2018043.2118_32.png,0,0,0,0
2018101.0600_21.png,0,0,0,0
2018253.1518_32.png,0,0,0,0
2018106.0618_31.png,0,0,0,0
2018081.1036_10.png,0,0,0,0
2018162.0706_01.png,0,0,0,0
2018169.1924_22.png,0,0,0,0
2018219.1100_01.png,0,0,0,0
2018054.0042_12.png,0,0,0,0
2018044.1412_32.png,0,0,0,0
2018015.1954_10.png,0,0,0,0
2018254.2154_31.png,0,0,0,0
2018054.1412_10.png,0,0,0,0
2018025.1448_31.png,0,0,0,0
2018104.0824_11.png,0,0,0,0
2018169.0636_32.png,0,0,0,0
2018069.0818_11.png,0,0,0,0
2018077.2224_32.png,0,0,0,0
2018019.1506_01.png,0,0,0,0
2018111.0118_30.png,0,0,0,0
2018109.1854_00.png,0,0,0,0
2018162.0700_12.png,0,0,0,0
2018169.0636_21.png,0,0,0,0
2018219.1054_31.png,0,0,0,0
2018104.1842_21.png,0,0,0,0
2018169.1930_31.png,0,0,0,0
2018019.1506_20.png,0,0,0,0
2018110.1324_21.png,0,0,0,0
2018025.1624_20.png,0,0,0,0
2018111.0942_02.png,0,0,0,0
2018169.0630_00.png,0,0,0,0
2018108.0036_21.png,0,0,0,0
2018169.2112_31.png,0,0,0,0
2018044.1354_21.png,0,0,0,0
2018013.0842_32.png,0,0,0,0
2018021.0254_02.png,0,0,0,0
2018110.2006_30.png,0,0,0,0
2018021.0254_21.png,0,0,0,0
2018105.0624_20.png,0,0,0,0
2018200.0654_11.png,0,0,0,0
2018162.0706_32.png,0,0,0,0
2018077.0648_02.png,0,0,0,0
2018141.0154_00.png,0,0,0,0
2018167.2354_00.png,0,0,0,0
2018198.1736_20.png,0,0,0,0
2018113.1724_11.png,0,0,0,0
2018110.2154_31.png,0,0,0,0
2018142.1648_12.png,0,0,0,0
2018130.1848_10.png,0,0,0,0
2018166.0042_30.png,0,0,0,0
2018111.0942_30.png,0,0,0,0
2018054.1554_20.png,0,0,0,0
2018103.1712_31.png,0,0,0,0
2018130.2230_00.png,0,0,0,0
2018168.0142_22.png,0,0,0,0
2018105.0630_22.png,0,0,0,0
2018190.2148_11.png,0,0,0,0
2018051.1318_01.png,0,0,0,0
2018132.2324_31.png,0,0,0,0
2018017.0906_12.png,0,0,0,0
2018112.1930_30.png,0,0,0,0
2018025.1624_12.png,0,0,0,0
2018102.0542_11.png,0,0,0,0
2018113.0224_21.png,0,0,0,0
2018014.2006_10.png,0,0,0,0
2018044.0906_12.png,0,0,0,0
2018167.2354_01.png,0,0,0,0
2018082.1724_01.png,0,0,0,0
2018051.2342_11.png,0,0,0,0
2018141.0148_02.png,0,0,0,0
2018103.0024_32.png,0,0,0,0
2018041.0312_21.png,0,0,0,0
2018079.0124_01.png,0,0,0,0
2018104.1348_31.png,0,0,0,0
2018101.2300_32.png,0,0,0,0
2018112.0918_20.png,0,0,0,0
2018077.0648_10.png,0,0,0,0
2018104.1348_21.png,0,0,0,0
2018042.1448_30.png,0,0,0,0
2018169.0630_01.png,0,0,0,0
2018169.1924_02.png,0,0,0,0
2018069.1600_31.png,0,0,0,0
2018190.2154_30.png,0,0,0,0
2018169.1930_01.png,0,0,0,0
2018105.0442_02.png,0,0,0,0
2018108.0036_12.png,0,0,0,0
2018054.1412_32.png,0,0,0,0
2018169.1224_32.png,0,0,0,0
2018072.1142_11.png,0,0,0,0
2018137.1454_21.png,0,0,0,0
2018246.2242_30.png,0,0,0,0
2018081.0854_11.png,0,0,0,0
2018082.1724_20.png,0,0,0,0
2018074.0112_21.png,0,0,0,0
2018013.0836_31.png,0,0,0,0
2018107.1418_31.png,0,0,0,0
2018277.0424_01.png,0,0,0,0
2018107.1924_01.png,0,0,0,0
2018105.0624_12.png,0,0,0,0
2018103.0548_20.png,0,0,0,0
2018054.1612_31.png,0,0,0,0
2018050.0354_12.png,0,0,0,0
2018111.1124_12.png,0,0,0,0
2018253.1518_02.png,0,0,0,0
2018111.1954_30.png,0,0,0,0
2018193.0030_12.png,0,0,0,0
2018192.0424_02.png,0,0,0,0
2018106.0618_20.png,0,0,0,0
2018014.0506_02.png,0,0,0,0
2018101.1612_00.png,0,0,0,0
2018108.0030_21.png,0,0,0,0
2018218.2312_02.png,0,0,0,0
2018108.0348_10.png,0,0,0,0
2018102.0042_10.png,0,0,0,0
2018168.0142_02.png,0,0,0,0
2018169.1924_21.png,0,0,0,0
2018103.1712_11.png,0,0,0,0
2018107.0554_32.png,0,0,0,0
2018253.1524_12.png,0,0,0,0
2018011.1224_11.png,0,0,0,0
2018110.2330_30.png,0,0,0,0
2018191.0112_00.png,0,0,0,0
2018167.2354_20.png,0,0,0,0
2018043.1236_20.png,0,0,0,0
2018219.1424_30.png,0,0,0,0
2018077.2218_20.png,0,0,0,0
2018140.0030_01.png,0,0,0,0
2018013.0836_32.png,0,0,0,0
2018219.1054_32.png,0,0,0,0
2018011.1230_02.png,0,0,0,0
2018111.1948_22.png,0,0,0,0
2018076.0218_31.png,0,0,0,0
2018277.0430_01.png,0,0,0,0
2018047.1500_12.png,0,0,0,0
2018131.0706_12.png,0,0,0,0
2018220.0536_32.png,0,0,0,0
2018023.1018_22.png,0,0,0,0
2018102.0036_01.png,0,0,0,0
2018105.1448_22.png,0,0,0,0
2018101.2324_30.png,0,0,0,0
2018109.1848_32.png,0,0,0,0
2018077.0648_01.png,0,0,0,0
2018169.1930_12.png,0,0,0,0
2018110.1136_00.png,0,0,0,0
2018104.1354_01.png,0,0,0,0
2018079.0300_21.png,0,0,0,0
2018016.0236_20.png,0,0,0,0
2018048.1606_32.png,0,0,0,0
2018281.0136_00.png,0,0,0,0
2018104.1848_30.png,0,0,0,0
2018083.1024_12.png,0,0,0,0
2018198.1742_12.png,0,0,0,0
2018105.0948_22.png,0,0,0,0
2018113.1918_01.png,0,0,0,0
2018130.2224_00.png,0,0,0,0
2018103.1712_32.png,0,0,0,0
2018256.0418_30.png,0,0,0,0
2018200.0512_11.png,0,0,0,0
2018024.0836_10.png,0,0,0,0
2018108.1912_31.png,0,0,0,0
2018130.0018_02.png,0,0,0,0
2018041.2018_00.png,0,0,0,0
2018104.0824_00.png,0,0,0,0
2018142.1524_20.png,0,0,0,0
2018018.1518_01.png,0,0,0,0
2018011.1230_20.png,0,0,0,0
2018198.1736_32.png,0,0,0,0
2018282.0754_10.png,0,0,0,0
2018112.1100_01.png,0,0,0,0
2018282.1948_30.png,0,0,0,0
2018082.1206_22.png,0,0,0,0
2018018.1518_30.png,0,0,0,0
2018111.0118_32.png,0,0,0,0
2018079.0124_21.png,0,0,0,0
2018110.2336_00.png,0,0,0,0
2018023.1018_11.png,0,0,0,0
2018074.0112_12.png,0,0,0,0
2018110.1136_32.png,0,0,0,0
2018015.1954_21.png,0,0,0,0
2018082.2218_32.png,0,0,0,0
2018200.0148_22.png,0,0,0,0
2018024.0836_30.png,0,0,0,0
2018040.2024_30.png,0,0,0,0
2018198.0548_10.png,0,0,0,0
2018169.1606_20.png,0,0,0,0
2018107.0554_21.png,0,0,0,0
2018081.0536_00.png,0,0,0,0
2018047.1454_02.png,0,0,0,0
2018048.1600_10.png,0,0,0,0
2018112.1100_30.png,0,0,0,0
2018200.2212_22.png,0,0,0,0
2018107.1412_21.png,0,0,0,0
2018076.0212_32.png,0,0,0,0
2018131.1518_22.png,0,0,0,0
2018054.0036_21.png,0,0,0,0
2018108.0212_31.png,0,0,0,0
2018131.0700_11.png,0,0,0,0
2018076.0212_22.png,0,0,0,0
2018254.2330_12.png,0,0,0,0
2018109.1848_20.png,0,0,0,0
2018110.1324_30.png,0,0,0,0
2018108.0348_30.png,0,0,0,0
2018081.1042_20.png,0,0,0,0
2018105.2142_32.png,0,0,0,0
2018169.1224_10.png,0,0,0,0
2018200.2206_01.png,0,0,0,0
2018131.0706_11.png,0,0,0,0
2018200.0518_12.png,0,0,0,0
2018081.0536_10.png,0,0,0,0
2018167.2348_32.png,0,0,0,0
2018112.1936_01.png,0,0,0,0
2018112.1248_00.png,0,0,0,0
2018013.0836_02.png,0,0,0,0
2018105.2148_12.png,0,0,0,0
2018220.0718_11.png,0,0,0,0
2018103.0018_12.png,0,0,0,0
2018046.2018_10.png,0,0,0,0
2018161.0036_02.png,0,0,0,0
2018077.2224_01.png,0,0,0,0
2018111.1954_31.png,0,0,0,0
2018105.0630_30.png,0,0,0,0
2018220.2054_30.png,0,0,0,0
2018043.2112_31.png,0,0,0,0
2018109.1848_02.png,0,0,0,0
2018016.0230_30.png,0,0,0,0
2018191.0118_10.png,0,0,0,0
2018131.1006_30.png,0,0,0,0
2018220.0712_31.png,0,0,0,0
2018023.1712_30.png,0,0,0,0
2018253.1518_00.png,0,0,0,0
2018047.1500_32.png,0,0,0,0
2018054.1406_21.png,0,0,0,0
2018041.1312_00.png,0,0,0,0
2018023.1706_12.png,0,0,0,0
2018111.0118_21.png,0,0,0,0
2018106.0118_11.png,0,0,0,0
2018051.2342_22.png,0,0,0,0
2018219.1100_12.png,0,0,0,0
2018077.2218_21.png,0,0,0,0
2018051.1142_10.png,0,0,0,0
2018069.1600_10.png,0,0,0,0
2018220.2048_31.png,0,0,0,0
2018042.1454_32.png,0,0,0,0
2018142.0136_30.png,0,0,0,0
2018014.2000_11.png,0,0,0,0
2018103.1712_22.png,0,0,0,0
2018169.0118_11.png,0,0,0,0
2018014.0306_21.png,0,0,0,0
2018105.0442_12.png,0,0,0,0
2018110.2012_11.png,0,0,0,0
2018014.2006_21.png,0,0,0,0
2018051.0142_02.png,0,0,0,0
2018041.0130_12.png,0,0,0,0
2018167.1536_10.png,0,0,0,0
2018044.1412_11.png,0,0,0,0
2018254.2330_30.png,0,0,0,0
2018054.1606_22.png,0,0,0,0
2018103.2042_22.png,0,0,0,0
2018101.0600_30.png,0,0,0,0
2018040.1142_31.png,0,0,0,0
2018100.0618_31.png,0,0,0,0
2018141.1206_11.png,0,0,0,0
2018015.1948_11.png,0,0,0,0
2018108.0900_22.png,0,0,0,0
2018140.0030_31.png,0,0,0,0
2018256.0424_11.png,0,0,0,0
2018079.1818_01.png,0,0,0,0
2018101.2318_21.png,0,0,0,0
2018025.1630_12.png,0,0,0,0
2018161.0030_31.png,0,0,0,0
2018054.1606_00.png,0,0,0,0
2018142.1524_21.png,0,0,0,0
2018168.0142_11.png,0,0,0,0
2018041.1648_02.png,0,0,0,0
2018044.1354_22.png,0,0,0,0
2018106.0118_30.png,0,0,0,0
2018277.0424_10.png,0,0,0,0
2018040.1142_11.png,0,0,0,0
2018079.1824_30.png,0,0,0,0
2018112.0918_00.png,0,0,0,0
2018054.1612_00.png,0,0,0,0
2018043.2112_12.png,0,0,0,0
2018142.0136_02.png,0,0,0,0
2018169.0630_22.png,0,0,0,0
2018169.1600_32.png,0,0,0,0
2018054.1606_31.png,0,0,0,0
2018051.1324_12.png,0,0,0,0
2018112.1242_01.png,0,0,0,0
2018167.2354_11.png,0,0,0,0
2018130.2230_21.png,0,0,0,0
2018256.0424_31.png,0,0,0,0
2018108.1906_32.png,0,0,0,0
2018109.2024_20.png,0,0,0,0
2018041.1654_11.png,0,0,0,0
2018016.0236_30.png,0,0,0,0
2018109.2030_31.png,0,0,0,0
2018108.0854_02.png,0,0,0,0
2018110.1324_22.png,0,0,0,0
2018130.0024_01.png,0,0,0,0
2018079.1824_00.png,0,0,0,0
2018103.0206_12.png,0,0,0,0
2018111.0948_01.png,0,0,0,0
2018051.0142_12.png,0,0,0,0
2018082.1542_31.png,0,0,0,0
2018072.1148_02.png,0,0,0,0
2018110.1318_00.png,0,0,0,0
2018108.0854_30.png,0,0,0,0
2018079.0300_30.png,0,0,0,0
2018110.0818_31.png,0,0,0,0
2018044.1400_12.png,0,0,0,0
2018111.0948_02.png,0,0,0,0
2018105.0630_00.png,0,0,0,0
2018278.1054_21.png,0,0,0,0
2018113.1724_12.png,0,0,0,0
2018042.1248_21.png,0,0,0,0
2018193.0030_21.png,0,0,0,0
2018014.0306_30.png,0,0,0,0
2018169.1230_02.png,0,0,0,0
2018132.2324_20.png,0,0,0,0
2018104.1348_30.png,0,0,0,0
2018102.0036_00.png,0,0,0,0
2018140.0036_10.png,0,0,0,0
2018023.1712_00.png,0,0,0,0
2018112.0918_32.png,0,0,0,0
2018046.2154_00.png,0,0,0,0
2018200.2212_32.png,0,0,0,0
2018169.0442_11.png,0,0,0,0
2018200.0142_31.png,0,0,0,0
2018106.0248_10.png,0,0,0,0
2018131.1524_31.png,0,0,0,0
2018069.0818_01.png,0,0,0,0
2018104.2200_21.png,0,0,0,0
2018040.2018_00.png,0,0,0,0
2018042.1254_31.png,0,0,0,0
2018162.0154_22.png,0,0,0,0
2018112.1248_11.png,0,0,0,0
2018107.0224_20.png,0,0,0,0
2018142.1642_10.png,0,0,0,0
2018161.0036_31.png,0,0,0,0
2018107.0224_12.png,0,0,0,0
2018082.1718_30.png,0,0,0,0
2018042.1454_30.png,0,0,0,0
2018081.0536_32.png,0,0,0,0
2018102.0542_12.png,0,0,0,0
2018105.2148_20.png,0,0,0,0
2018168.0142_21.png,0,0,0,0
2018108.0036_30.png,0,0,0,0
2018054.1406_30.png,0,0,0,0
2018044.2054_21.png,0,0,0,0
2018076.0212_31.png,0,0,0,0
2018248.2348_02.png,0,0,0,0
2018113.0224_22.png,0,0,0,0
2018111.0112_01.png,0,0,0,0
2018102.0042_20.png,0,0,0,0
2018101.1612_32.png,0,0,0,0
2018044.2054_02.png,0,0,0,0
2018051.2336_01.png,0,0,0,0
2018110.2012_10.png,0,0,0,0
2018133.1630_21.png,0,0,0,0
2018105.0442_30.png,0,0,0,0
2018044.1548_12.png,0,0,0,0
2018130.2230_20.png,0,0,0,0
2018191.0112_22.png,0,0,0,0
2018198.0554_11.png,0,0,0,0
2018109.1854_30.png,0,0,0,0
2018072.1142_01.png,0,0,0,0
2018169.0442_00.png,0,0,0,0
2018077.0654_21.png,0,0,0,0
2018219.0554_20.png,0,0,0,0
2018047.1500_20.png,0,0,0,0
2018017.0906_02.png,0,0,0,0
2018104.1848_22.png,0,0,0,0
2018162.0706_10.png,0,0,0,0
2018101.0600_31.png,0,0,0,0
2018081.1036_11.png,0,0,0,0
2018109.1854_11.png,0,0,0,0
2018103.1718_30.png,0,0,0,0
2018014.0506_12.png,0,0,0,0
2018079.0300_20.png,0,0,0,0
2018044.1548_20.png,0,0,0,0
2018046.2024_32.png,0,0,0,0
2018167.1530_21.png,0,0,0,0
2018051.2342_00.png,0,0,0,0
2018219.1606_12.png,0,0,0,0
2018015.1954_32.png,0,0,0,0
2018081.1036_32.png,0,0,0,0
2018048.1600_31.png,0,0,0,0
2018169.2106_02.png,0,0,0,0
2018077.2224_02.png,0,0,0,0
2018108.1912_20.png,0,0,0,0
2018161.0030_02.png,0,0,0,0
2018108.1912_02.png,0,0,0,0
2018041.1312_12.png,0,0,0,0
2018161.0036_11.png,0,0,0,0
2018192.0424_30.png,0,0,0,0
2018169.0124_20.png,0,0,0,0
2018200.0518_00.png,0,0,0,0
2018072.2024_02.png,0,0,0,0
2018072.2024_12.png,0,0,0,0
2018015.1948_10.png,0,0,0,0
2018108.0206_01.png,0,0,0,0
2018104.1848_31.png,0,0,0,0
2018110.0818_00.png,0,0,0,0
2018200.0654_02.png,0,0,0,0
2018258.1718_21.png,0,0,0,0
2018106.0248_02.png,0,0,0,0
2018083.1018_12.png,0,0,0,0
2018198.0548_02.png,0,0,0,0
2018018.0348_00.png,0,0,0,0
2018106.0242_01.png,0,0,0,0
2018140.0218_20.png,0,0,0,0
2018141.2030_12.png,0,0,0,0
2018077.2224_22.png,0,0,0,0
2018169.1230_21.png,0,0,0,0
2018219.0554_02.png,0,0,0,0
2018018.1518_20.png,0,0,0,0
2018167.1536_02.png,0,0,0,0
2018019.1506_32.png,0,0,0,0
2018051.1324_01.png,0,0,0,0
2018169.1224_22.png,0,0,0,0
2018161.0224_31.png,0,0,0,0
2018079.0254_10.png,0,0,0,0
2018047.1500_30.png,0,0,0,0
2018081.1042_10.png,0,0,0,0
2018015.1954_12.png,0,0,0,0
2018110.1324_32.png,0,0,0,0
2018081.0854_01.png,0,0,0,0
2018047.1500_22.png,0,0,0,0
2018110.2006_01.png,0,0,0,0
2018046.2200_02.png,0,0,0,0
2018050.0354_32.png,0,0,0,0
2018025.1630_02.png,0,0,0,0
2018040.1148_01.png,0,0,0,0
2018103.0200_02.png,0,0,0,0
2018112.0918_10.png,0,0,0,0
2018132.2318_00.png,0,0,0,0
2018044.1548_10.png,0,0,0,0
2018041.0306_11.png,0,0,0,0
2018105.0954_22.png,0,0,0,0
2018041.0130_21.png,0,0,0,0
2018104.0654_31.png,0,0,0,0
2018044.1554_31.png,0,0,0,0
2018051.2336_12.png,0,0,0,0
2018192.0424_21.png,0,0,0,0
2018046.2018_01.png,0,0,0,0
2018141.0012_20.png,0,0,0,0
2018021.0254_01.png,0,0,0,0
2018011.1224_12.png,0,0,0,0
2018079.1824_12.png,0,0,0,0
2018282.1800_21.png,0,0,0,0
2018100.0824_00.png,0,0,0,0
2018131.1006_01.png,0,0,0,0
2018161.0030_00.png,0,0,0,0
2018219.0600_01.png,0,0,0,0
2018076.0218_22.png,0,0,0,0
2018108.0354_21.png,0,0,0,0
2018044.0900_01.png,0,0,0,0
2018104.2200_30.png,0,0,0,0
2018043.2112_22.png,0,0,0,0
2018111.0118_22.png,0,0,0,0
2018103.0206_22.png,0,0,0,0
2018200.0648_31.png,0,0,0,0
2018101.0600_11.png,0,0,0,0
2018109.2030_02.png,0,0,0,0
2018104.0148_11.png,0,0,0,0
2018044.1354_20.png,0,0,0,0
2018105.0630_20.png,0,0,0,0
2018108.0212_22.png,0,0,0,0
2018220.0536_12.png,0,0,0,0
2018042.1448_31.png,0,0,0,0
2018169.0124_22.png,0,0,0,0
2018082.2212_21.png,0,0,0,0
2018167.1536_00.png,0,0,0,0
2018105.1448_00.png,0,0,0,0
2018131.1006_20.png,0,0,0,0
2018023.1024_32.png,0,0,0,0
2018015.1948_01.png,0,0,0,0
2018017.1606_20.png,0,0,0,0
2018164.0454_30.png,0,0,0,0
2018104.2206_11.png,0,0,0,0
2018190.2148_01.png,0,0,0,0
2018079.1824_22.png,0,0,0,0
2018282.0124_10.png,0,0,0,0
2018105.2148_01.png,0,0,0,0
2018108.0900_00.png,0,0,0,0
2018100.0818_01.png,0,0,0,0
2018072.2024_10.png,0,0,0,0
2018131.1012_30.png,0,0,0,0
2018102.0042_01.png,0,0,0,0
2018051.0142_31.png,0,0,0,0
2018220.2048_22.png,0,0,0,0
2018113.1912_20.png,0,0,0,0
2018072.1148_00.png,0,0,0,0
2018047.1454_01.png,0,0,0,0
2018018.0348_30.png,0,0,0,0
2018083.1018_02.png,0,0,0,0
2018074.0118_02.png,0,0,0,0
2018137.1454_30.png,0,0,0,0
2018025.1630_01.png,0,0,0,0
2018011.1230_01.png,0,0,0,0
2018104.0142_22.png,0,0,0,0
2018044.1554_00.png,0,0,0,0
2018167.1530_00.png,0,0,0,0
2018104.0148_30.png,0,0,0,0
2018041.0306_22.png,0,0,0,0
2018190.2154_22.png,0,0,0,0
2018081.1036_01.png,0,0,0,0
2018107.0548_12.png,0,0,0,0
2018130.0024_22.png,0,0,0,0
2018050.1342_01.png,0,0,0,0
2018107.0224_01.png,0,0,0,0
2018112.1248_30.png,0,0,0,0
2018106.0124_12.png,0,0,0,0
2018167.1530_22.png,0,0,0,0
2018043.1236_21.png,0,0,0,0
2018079.1818_32.png,0,0,0,0
2018131.1006_10.png,0,0,0,0
2018103.0018_02.png,0,0,0,0
2018111.1954_01.png,0,0,0,0
2018169.0124_01.png,0,0,0,0
2018109.2024_11.png,0,0,0,0
2018101.2318_11.png,0,0,0,0
2018079.1818_20.png,0,0,0,0
2018015.1954_02.png,0,0,0,0
2018021.0300_02.png,0,0,0,0
2018110.0824_22.png,0,0,0,0
2018042.1248_12.png,0,0,0,0
2018192.0418_31.png,0,0,0,0
2018104.1842_00.png,0,0,0,0
2018051.0136_01.png,0,0,0,0
2018168.1524_01.png,0,0,0,0
2018051.1318_22.png,0,0,0,0
2018072.2030_20.png,0,0,0,0
2018025.1630_10.png,0,0,0,0
2018162.0154_32.png,0,0,0,0
2018050.1342_12.png,0,0,0,0
2018192.0418_11.png,0,0,0,0
2018105.0442_22.png,0,0,0,0
2018104.0648_00.png,0,0,0,0
2018106.0800_32.png,0,0,0,0
2018140.0030_22.png,0,0,0,0
2018282.0118_31.png,0,0,0,0
2018044.1412_20.png,0,0,0,0
2018142.1648_11.png,0,0,0,0
2018040.1148_00.png,0,0,0,0
2018108.1906_12.png,0,0,0,0
2018102.0036_10.png,0,0,0,0
2018108.0900_10.png,0,0,0,0
2018054.0042_30.png,0,0,0,0
2018042.1454_12.png,0,0,0,0
2018079.0118_31.png,0,0,0,0
2018014.0300_02.png,0,0,0,0
2018054.1430_22.png,0,0,0,0
2018081.1036_02.png,0,0,0,0
2018219.0600_31.png,0,0,0,0
2018103.1712_10.png,0,0,0,0
2018051.2342_02.png,0,0,0,0
2018105.0812_32.png,0,0,0,0
2018190.2154_21.png,0,0,0,0
2018169.0118_02.png,0,0,0,0
2018142.1524_11.png,0,0,0,0
2018103.1718_11.png,0,0,0,0
2018103.2042_21.png,0,0,0,0
2018043.2112_20.png,0,0,0,0
2018168.0148_32.png,0,0,0,0
2018081.1042_22.png,0,0,0,0
2018014.0306_32.png,0,0,0,0
2018023.1706_10.png,0,0,0,0
2018104.0830_01.png,0,0,0,0
2018100.0624_00.png,0,0,0,0
2018193.0030_30.png,0,0,0,0
2018106.0242_31.png,0,0,0,0
2018141.0018_32.png,0,0,0,0
2018130.1848_00.png,0,0,0,0
2018043.2118_22.png,0,0,0,0
2018054.1548_30.png,0,0,0,0
2018050.0354_10.png,0,0,0,0
2018018.1524_12.png,0,0,0,0
2018108.0900_31.png,0,0,0,0
2018074.0300_21.png,0,0,0,0
2018024.0830_12.png,0,0,0,0
2018282.0124_01.png,0,0,0,0
2018219.1100_00.png,0,0,0,0
2018168.0148_30.png,0,0,0,0
2018101.2318_12.png,0,0,0,0
2018253.1518_01.png,0,0,0,0
2018113.1724_22.png,0,0,0,0
2018104.2206_10.png,0,0,0,0
2018110.2330_10.png,0,0,0,0
2018105.1454_10.png,0,0,0,0
2018220.0718_31.png,0,0,0,0
2018113.1730_11.png,0,0,0,0
2018281.0142_02.png,0,0,0,0
2018169.1224_31.png,0,0,0,0
2018191.0112_30.png,0,0,0,0
2018111.1948_10.png,0,0,0,0
2018041.1648_11.png,0,0,0,0
2018101.2300_10.png,0,0,0,0
2018220.0536_21.png,0,0,0,0
2018023.1018_01.png,0,0,0,0
2018193.0036_12.png,0,0,0,0
2018044.2048_02.png,0,0,0,0
2018103.1712_02.png,0,0,0,0
2018110.0818_11.png,0,0,0,0
2018069.1606_31.png,0,0,0,0
2018041.0306_02.png,0,0,0,0
2018220.0712_10.png,0,0,0,0
2018050.1336_31.png,0,0,0,0
2018111.1124_30.png,0,0,0,0
2018161.0218_20.png,0,0,0,0
2018104.0830_00.png,0,0,0,0
2018047.1454_22.png,0,0,0,0
2018108.0354_31.png,0,0,0,0
2018019.1506_31.png,0,0,0,0
2018054.1412_22.png,0,0,0,0
2018104.1348_01.png,0,0,0,0
2018104.2206_30.png,0,0,0,0
2018200.0148_10.png,0,0,0,0
2018141.1200_01.png,0,0,0,0
2018014.2006_01.png,0,0,0,0
2018142.1518_12.png,0,0,0,0
2018192.0424_11.png,0,0,0,0
2018110.2154_11.png,0,0,0,0
2018054.1548_11.png,0,0,0,0
2018042.1254_12.png,0,0,0,0
2018044.1418_02.png,0,0,0,0
2018111.0112_02.png,0,0,0,0
2018220.0536_02.png,0,0,0,0
2018018.1524_00.png,0,0,0,0
2018200.0148_31.png,0,0,0,0
2018110.2330_11.png,0,0,0,0
2018112.0918_01.png,0,0,0,0
2018104.0148_31.png,0,0,0,0
2018081.0854_10.png,0,0,0,0
2018111.0942_32.png,0,0,0,0
2018200.0142_21.png,0,0,0,0
2018130.0018_31.png,0,0,0,0
2018200.2206_00.png,0,0,0,0
2018110.0824_01.png,0,0,0,0
2018101.0600_12.png,0,0,0,0
2018109.1848_00.png,0,0,0,0
2018051.1324_30.png,0,0,0,0
2018046.2154_21.png,0,0,0,0
2018082.1200_20.png,0,0,0,0
2018069.1600_32.png,0,0,0,0
2018137.1454_02.png,0,0,0,0
2018109.1854_22.png,0,0,0,0
2018050.1342_11.png,0,0,0,0
2018017.1606_31.png,0,0,0,0
2018017.1600_20.png,0,0,0,0
2018041.0312_20.png,0,0,0,0
2018107.1924_00.png,0,0,0,0
2018106.0618_10.png,0,0,0,0
2018040.2024_01.png,0,0,0,0
2018102.0036_20.png,0,0,0,0
2018018.1524_30.png,0,0,0,0
2018108.0348_12.png,0,0,0,0
2018043.1230_30.png,0,0,0,0
2018132.2318_10.png,0,0,0,0
2018106.0242_10.png,0,0,0,0
2018200.2212_11.png,0,0,0,0
2018161.0224_02.png,0,0,0,0
2018103.1718_31.png,0,0,0,0
2018072.1148_01.png,0,0,0,0
2018109.1854_10.png,0,0,0,0
2018169.2112_11.png,0,0,0,0
2018140.0212_32.png,0,0,0,0
2018054.1430_02.png,0,0,0,0
2018014.2006_02.png,0,0,0,0
2018079.0254_02.png,0,0,0,0
2018054.1548_02.png,0,0,0,0
2018051.2336_31.png,0,0,0,0
2018218.2318_01.png,0,0,0,0
2018113.1724_30.png,0,0,0,0
2018040.2018_01.png,0,0,0,0
2018105.0624_22.png,0,0,0,0
2018282.0300_12.png,0,0,0,0
2018258.1718_31.png,0,0,0,0
2018021.0254_11.png,0,0,0,0
2018282.0124_32.png,0,0,0,0
2018072.1148_22.png,0,0,0,0
2018083.1024_21.png,0,0,0,0
2018051.0142_32.png,0,0,0,0
2018140.0212_21.png,0,0,0,0
2018106.0754_22.png,0,0,0,0
2018107.0548_22.png,0,0,0,0
2018077.0654_11.png,0,0,0,0
2018102.0548_21.png,0,0,0,0
2018131.0700_31.png,0,0,0,0
2018105.2142_30.png,0,0,0,0
2018191.0112_31.png,0,0,0,0
2018046.2154_20.png,0,0,0,0
2018041.0130_32.png,0,0,0,0
2018019.1500_21.png,0,0,0,0
2018051.0142_01.png,0,0,0,0
2018130.2218_02.png,0,0,0,0
2018103.2042_00.png,0,0,0,0
2018023.1018_32.png,0,0,0,0
2018131.0700_22.png,0,0,0,0
2018069.0818_02.png,0,0,0,0
2018044.0900_12.png,0,0,0,0
2018082.2212_31.png,0,0,0,0
2018104.0648_02.png,0,0,0,0
2018111.0948_11.png,0,0,0,0
2018105.0806_10.png,0,0,0,0
2018016.0230_02.png,0,0,0,0
2018198.0554_01.png,0,0,0,0
2018141.2024_02.png,0,0,0,0
2018081.1036_12.png,0,0,0,0
2018130.1854_12.png,0,0,0,0
2018011.1230_22.png,0,0,0,0
2018277.0430_00.png,0,0,0,0
2018082.2212_30.png,0,0,0,0
2018076.0212_11.png,0,0,0,0
2018105.0812_12.png,0,0,0,0
2018048.1606_01.png,0,0,0,0
2018198.0554_21.png,0,0,0,0
2018282.0754_31.png,0,0,0,0
2018101.0118_21.png,0,0,0,0
2018256.0424_00.png,0,0,0,0
2018110.2012_02.png,0,0,0,0
2018161.0036_30.png,0,0,0,0
2018107.0230_00.png,0,0,0,0
2018141.1200_20.png,0,0,0,0
2018082.1206_01.png,0,0,0,0
2018254.2154_32.png,0,0,0,0
2018103.0024_11.png,0,0,0,0
2018113.0218_21.png,0,0,0,0
2018131.1012_11.png,0,0,0,0
2018054.1412_00.png,0,0,0,0
2018100.0618_11.png,0,0,0,0
2018218.2312_31.png,0,0,0,0
2018025.1624_32.png,0,0,0,0
2018282.0306_12.png,0,0,0,0
2018054.1430_12.png,0,0,0,0
2018017.1600_01.png,0,0,0,0
2018102.0036_11.png,0,0,0,0
2018200.2206_02.png,0,0,0,0
2018103.2036_20.png,0,0,0,0
2018019.1500_11.png,0,0,0,0
2018025.1448_01.png,0,0,0,0
2018021.0254_30.png,0,0,0,0
2018101.1618_22.png,0,0,0,0
2018081.1042_11.png,0,0,0,0
2018103.2042_10.png,0,0,0,0
2018043.1230_31.png,0,0,0,0
2018130.1848_12.png,0,0,0,0
2018079.0300_31.png,0,0,0,0
2018023.1712_12.png,0,0,0,0
2018044.2054_12.png,0,0,0,0
2018110.1142_22.png,0,0,0,0
2018104.0648_21.png,0,0,0,0
2018113.1724_21.png,0,0,0,0
2018107.1412_10.png,0,0,0,0
2018112.0918_12.png,0,0,0,0
2018200.0148_32.png,0,0,0,0
2018044.2054_22.png,0,0,0,0
2018164.0500_12.png,0,0,0,0
2018111.1118_32.png,0,0,0,0
2018041.1648_22.png,0,0,0,0
2018131.1012_22.png,0,0,0,0
2018072.2030_11.png,0,0,0,0
2018054.1548_21.png,0,0,0,0
2018054.0036_32.png,0,0,0,0
2018081.0530_10.png,0,0,0,0
2018101.2300_02.png,0,0,0,0
2018142.1642_32.png,0,0,0,0
2018112.0924_22.png,0,0,0,0
2018074.0254_10.png,0,0,0,0
2018167.2348_20.png,0,0,0,0
2018133.1630_11.png,0,0,0,0
2018016.0230_11.png,0,0,0,0
2018014.0300_10.png,0,0,0,0
2018278.1054_00.png,0,0,0,0
2018133.1630_32.png,0,0,0,0
2018014.0506_11.png,0,0,0,0
2018220.1048_01.png,0,0,0,0
2018054.1606_20.png,0,0,0,0
2018081.0900_30.png,0,0,0,0
2018103.0200_31.png,0,0,0,0
2018131.1524_32.png,0,0,0,0
2018192.0424_32.png,0,0,0,0
2018025.1448_10.png,0,0,0,0
2018220.1048_22.png,0,0,0,0
2018041.0312_12.png,0,0,0,0
2018072.1148_12.png,0,0,0,0
2018011.1224_20.png,0,0,0,0
2018169.0442_22.png,0,0,0,0
2018110.0824_30.png,0,0,0,0
2018100.0618_02.png,0,0,0,0
2018044.1554_12.png,0,0,0,0
2018054.1430_31.png,0,0,0,0
2018168.1530_02.png,0,0,0,0
2018014.0506_20.png,0,0,0,0
2018169.1924_11.png,0,0,0,0
2018131.1524_01.png,0,0,0,0
2018051.1318_11.png,0,0,0,0
2018253.1524_01.png,0,0,0,0
2018131.1518_20.png,0,0,0,0
2018133.1630_12.png,0,0,0,0
2018013.0836_12.png,0,0,0,0
2018141.1206_21.png,0,0,0,0
2018103.2036_31.png,0,0,0,0
2018104.0654_30.png,0,0,0,0
2018113.0218_31.png,0,0,0,0
2018166.0048_01.png,0,0,0,0
2018101.0124_20.png,0,0,0,0
2018282.1754_00.png,0,0,0,0
2018220.0536_11.png,0,0,0,0
2018142.0136_01.png,0,0,0,0
2018041.0306_21.png,0,0,0,0
2018220.2048_21.png,0,0,0,0
2018054.1612_12.png,0,0,0,0
2018044.1400_30.png,0,0,0,0
2018104.2206_32.png,0,0,0,0
2018110.2154_00.png,0,0,0,0
2018219.0600_02.png,0,0,0,0
2018104.2200_10.png,0,0,0,0
2018079.0300_22.png,0,0,0,0
2018164.0500_00.png,0,0,0,0
2018025.1630_00.png,0,0,0,0
2018074.0118_30.png,0,0,0,0
2018014.0500_11.png,0,0,0,0
2018042.1248_32.png,0,0,0,0
2018166.0048_31.png,0,0,0,0
2018137.1500_21.png,0,0,0,0
2018112.1936_21.png,0,0,0,0
2018200.0142_10.png,0,0,0,0
2018103.1718_01.png,0,0,0,0
2018162.0154_02.png,0,0,0,0
2018077.0654_00.png,0,0,0,0
2018219.0600_00.png,0,0,0,0
2018072.1142_10.png,0,0,0,0
2018069.0818_00.png,0,0,0,0
2018100.0624_20.png,0,0,0,0
2018044.1400_32.png,0,0,0,0
2018101.2318_10.png,0,0,0,0
2018054.0042_21.png,0,0,0,0
2018042.1448_21.png,0,0,0,0
2018109.2024_00.png,0,0,0,0
2018103.0206_20.png,0,0,0,0
2018082.1200_21.png,0,0,0,0
2018107.1930_10.png,0,0,0,0
2018278.1054_32.png,0,0,0,0
2018246.2242_31.png,0,0,0,0
2018107.1418_22.png,0,0,0,0
2018130.0024_02.png,0,0,0,0
2018048.1600_02.png,0,0,0,0
2018110.2006_10.png,0,0,0,0
2018130.0024_30.png,0,0,0,0
2018101.2306_11.png,0,0,0,0
2018044.2048_31.png,0,0,0,0
2018220.0718_01.png,0,0,0,0
2018102.0042_22.png,0,0,0,0
2018109.2030_30.png,0,0,0,0
2018046.2200_01.png,0,0,0,0
2018110.2006_21.png,0,0,0,0
2018130.2224_21.png,0,0,0,0
2018106.0754_21.png,0,0,0,0
2018041.0130_20.png,0,0,0,0
2018014.0500_01.png,0,0,0,0
2018102.0548_12.png,0,0,0,0
2018112.1936_30.png,0,0,0,0
2018014.0300_30.png,0,0,0,0
2018017.1600_31.png,0,0,0,0
2018072.2030_21.png,0,0,0,0
2018107.1418_01.png,0,0,0,0
2018054.1548_31.png,0,0,0,0
2018079.0124_20.png,0,0,0,0
2018072.2030_32.png,0,0,0,0
2018111.0118_10.png,0,0,0,0
2018113.1918_22.png,0,0,0,0
2018081.1036_21.png,0,0,0,0
2018109.2030_32.png,0,0,0,0
2018112.1242_02.png,0,0,0,0
2018105.0442_31.png,0,0,0,0
2018101.2324_00.png,0,0,0,0
2018219.1054_02.png,0,0,0,0
2018101.2306_02.png,0,0,0,0
2018131.1524_10.png,0,0,0,0
2018131.0706_00.png,0,0,0,0
2018042.1448_11.png,0,0,0,0
2018167.1536_20.png,0,0,0,0
2018025.1448_11.png,0,0,0,0
2018200.0518_11.png,0,0,0,0
2018141.0148_20.png,0,0,0,0
2018200.0142_32.png,0,0,0,0
2018111.0118_00.png,0,0,0,0
2018044.0906_21.png,0,0,0,0
2018106.0612_02.png,0,0,0,0
2018083.1024_02.png,0,0,0,0
2018041.0136_22.png,0,0,0,0
2018077.2218_32.png,0,0,0,0
2018069.0818_32.png,0,0,0,0
2018101.0554_22.png,0,0,0,0
2018074.0112_11.png,0,0,0,0
2018101.1618_12.png,0,0,0,0
2018193.0030_31.png,0,0,0,0
2018220.2054_31.png,0,0,0,0
2018198.1742_21.png,0,0,0,0
2018054.1554_32.png,0,0,0,0
2018219.1606_21.png,0,0,0,0
2018200.0654_30.png,0,0,0,0
2018200.2212_21.png,0,0,0,0
2018046.2018_30.png,0,0,0,0
2018106.0248_01.png,0,0,0,0
2018132.2318_30.png,0,0,0,0
2018041.2018_31.png,0,0,0,0
2018277.0424_00.png,0,0,0,0
2018282.1754_10.png,0,0,0,0
2018023.1706_00.png,0,0,0,0
2018083.1024_22.png,0,0,0,0
2018051.0136_20.png,0,0,0,0
2018105.1454_30.png,0,0,0,0
2018141.2030_00.png,0,0,0,0
2018110.2006_20.png,0,0,0,0
2018043.1230_00.png,0,0,0,0
2018054.1606_10.png,0,0,0,0
2018083.1018_21.png,0,0,0,0
2018014.0500_30.png,0,0,0,0
2018016.0236_12.png,0,0,0,0
2018104.1348_02.png,0,0,0,0
2018112.1936_22.png,0,0,0,0
2018104.0648_11.png,0,0,0,0
2018104.0824_01.png,0,0,0,0
2018141.0018_10.png,0,0,0,0
2018278.1048_30.png,0,0,0,0
2018100.0824_11.png,0,0,0,0
2018166.0042_22.png,0,0,0,0
2018024.0830_30.png,0,0,0,0
2018079.0254_00.png,0,0,0,0
2018110.2006_00.png,0,0,0,0
2018040.2024_12.png,0,0,0,0
2018162.0154_31.png,0,0,0,0
2018105.2148_31.png,0,0,0,0
2018113.1918_20.png,0,0,0,0
2018100.0818_11.png,0,0,0,0
2018169.1606_12.png,0,0,0,0
2018041.1312_02.png,0,0,0,0
2018112.1242_21.png,0,0,0,0
2018130.0018_01.png,0,0,0,0
2018014.0300_22.png,0,0,0,0
2018107.0548_00.png,0,0,0,0
2018106.0248_21.png,0,0,0,0
2018043.1612_32.png,0,0,0,0
2018103.2042_31.png,0,0,0,0
2018044.2048_22.png,0,0,0,0
2018011.1230_32.png,0,0,0,0
2018111.0948_32.png,0,0,0,0
2018103.2042_30.png,0,0,0,0
2018111.1954_20.png,0,0,0,0
2018113.1918_32.png,0,0,0,0
2018082.1206_11.png,0,0,0,0
2018218.2312_10.png,0,0,0,0
2018162.0200_31.png,0,0,0,0
2018102.0036_21.png,0,0,0,0
2018169.0118_00.png,0,0,0,0
2018258.1718_30.png,0,0,0,0
2018100.0818_12.png,0,0,0,0
2018108.0030_31.png,0,0,0,0
2018141.2024_11.png,0,0,0,0
2018054.1412_11.png,0,0,0,0
2018072.2030_12.png,0,0,0,0
2018074.0300_11.png,0,0,0,0
2018054.0036_10.png,0,0,0,0
2018110.1142_30.png,0,0,0,0
2018100.0624_21.png,0,0,0,0
2018076.0212_00.png,0,0,0,0
2018103.1712_01.png,0,0,0,0
2018015.1948_31.png,0,0,0,0
2018253.1524_02.png,0,0,0,0
2018054.1430_01.png,0,0,0,0
2018219.1100_20.png,0,0,0,0
2018074.0300_30.png,0,0,0,0
2018054.1606_12.png,0,0,0,0
2018103.2042_12.png,0,0,0,0
2018220.0530_00.png,0,0,0,0
2018112.1242_00.png,0,0,0,0
2018200.2206_10.png,0,0,0,0
2018104.2200_11.png,0,0,0,0
2018103.0200_30.png,0,0,0,0
2018141.0148_01.png,0,0,0,0
2018077.0654_30.png,0,0,0,0
2018105.0812_00.png,0,0,0,0
2018133.1624_02.png,0,0,0,0
2018140.0030_12.png,0,0,0,0
2018108.0354_30.png,0,0,0,0
2018130.2224_01.png,0,0,0,0
2018076.0212_10.png,0,0,0,0
2018130.0018_20.png,0,0,0,0
2018112.1248_02.png,0,0,0,0
2018044.2048_10.png,0,0,0,0
2018167.2348_00.png,0,0,0,0
2018054.1406_00.png,0,0,0,0
2018258.1718_20.png,0,0,0,0
2018282.1948_32.png,0,0,0,0
2018106.0248_22.png,0,0,0,0
2018103.0206_30.png,0,0,0,0
2018082.1542_21.png,0,0,0,0
2018101.1618_00.png,0,0,0,0
2018024.0836_31.png,0,0,0,0
2018106.0118_20.png,0,0,0,0
2018082.2212_02.png,0,0,0,0
2018050.0354_01.png,0,0,0,0
2018106.0118_02.png,0,0,0,0
2018106.0800_22.png,0,0,0,0
2018200.2206_20.png,0,0,0,0
2018050.0354_30.png,0,0,0,0
2018041.0312_30.png,0,0,0,0
2018108.0900_12.png,0,0,0,0
2018193.0030_02.png,0,0,0,0
2018109.1854_20.png,0,0,0,0
2018110.2148_32.png,0,0,0,0
2018069.0818_20.png,0,0,0,0
2018046.2200_11.png,0,0,0,0
2018162.0700_20.png,0,0,0,0
2018043.2118_20.png,0,0,0,0
2018200.2212_00.png,0,0,0,0
2018200.0648_02.png,0,0,0,0
2018191.0112_10.png,0,0,0,0
2018162.0200_01.png,0,0,0,0
2018015.1954_30.png,0,0,0,0
2018109.2024_22.png,0,0,0,0
2018169.2106_31.png,0,0,0,0
2018019.1500_10.png,0,0,0,0
2018024.0830_21.png,0,0,0,0
2018110.2330_21.png,0,0,0,0
2018130.0024_32.png,0,0,0,0
2018046.2018_11.png,0,0,0,0
2018051.2342_12.png,0,0,0,0
2018040.2024_11.png,0,0,0,0
2018077.0654_31.png,0,0,0,0
2018219.1424_21.png,0,0,0,0
2018169.1600_02.png,0,0,0,0
2018050.1342_22.png,0,0,0,0
2018011.1230_30.png,0,0,0,0
2018111.0118_02.png,0,0,0,0
2018169.1224_11.png,0,0,0,0
2018105.0806_21.png,0,0,0,0
2018130.0018_21.png,0,0,0,0
2018021.0254_00.png,0,0,0,0
2018131.1006_22.png,0,0,0,0
2018041.1312_30.png,0,0,0,0
2018041.0306_10.png,0,0,0,0
2018041.1654_30.png,0,0,0,0
2018077.2224_21.png,0,0,0,0
2018050.0400_20.png,0,0,0,0
2018019.1506_30.png,0,0,0,0
2018018.1518_21.png,0,0,0,0
2018167.2348_10.png,0,0,0,0
2018107.0548_20.png,0,0,0,0
2018278.1054_31.png,0,0,0,0
2018104.2206_01.png,0,0,0,0
2018021.0300_20.png,0,0,0,0
2018044.1418_11.png,0,0,0,0
2018041.1312_31.png,0,0,0,0
2018046.2154_11.png,0,0,0,0
2018169.1930_30.png,0,0,0,0
2018113.0218_11.png,0,0,0,0
2018142.0136_00.png,0,0,0,0
2018101.0554_01.png,0,0,0,0
2018046.2154_30.png,0,0,0,0
2018046.2200_31.png,0,0,0,0
2018110.2148_00.png,0,0,0,0
2018021.0254_31.png,0,0,0,0
2018219.1600_20.png,0,0,0,0
2018169.1606_32.png,0,0,0,0
2018112.1930_02.png,0,0,0,0
2018130.0018_12.png,0,0,0,0
2018200.0648_01.png,0,0,0,0
2018105.0436_11.png,0,0,0,0
2018017.0900_02.png,0,0,0,0
2018142.1518_32.png,0,0,0,0
2018111.1948_12.png,0,0,0,0
2018164.0500_32.png,0,0,0,0
2018169.1930_00.png,0,0,0,0
2018111.1118_30.png,0,0,0,0
2018164.0454_31.png,0,0,0,0
2018198.1742_10.png,0,0,0,0
2018083.0706_12.png,0,0,0,0
2018169.2106_21.png,0,0,0,0
2018023.1024_20.png,0,0,0,0
2018103.0024_02.png,0,0,0,0
2018169.1606_30.png,0,0,0,0
2018166.0048_02.png,0,0,0,0
2018104.0824_02.png,0,0,0,0
2018046.2200_00.png,0,0,0,0
2018142.1648_20.png,0,0,0,0
2018102.0042_02.png,0,0,0,0
2018169.0636_02.png,0,0,0,0
2018141.2030_20.png,0,0,0,0
2018082.1724_31.png,0,0,0,0
2018101.2324_02.png,0,0,0,0
2018082.1724_30.png,0,0,0,0
2018069.1606_21.png,0,0,0,0
2018050.0400_12.png,0,0,0,0
2018051.1318_32.png,0,0,0,0
2018140.0036_21.png,0,0,0,0
2018198.0548_12.png,0,0,0,0
2018072.1148_20.png,0,0,0,0
2018142.1524_32.png,0,0,0,0
2018161.0036_12.png,0,0,0,0
2018256.0418_10.png,0,0,0,0
2018141.0012_31.png,0,0,0,0
2018013.0842_10.png,0,0,0,0
2018081.0536_20.png,0,0,0,0
2018019.1506_11.png,0,0,0,0
2018017.1606_11.png,0,0,0,0
2018106.0754_32.png,0,0,0,0
2018044.1412_10.png,0,0,0,0
2018168.0142_31.png,0,0,0,0
2018282.1954_00.png,0,0,0,0
2018130.1854_20.png,0,0,0,0
2018112.1930_20.png,0,0,0,0
2018162.0200_11.png,0,0,0,0
2018040.2018_20.png,0,0,0,0
2018169.1600_10.png,0,0,0,0
2018108.0854_11.png,0,0,0,0
2018220.0536_31.png,0,0,0,0
2018219.1606_22.png,0,0,0,0
2018131.1524_20.png,0,0,0,0
2018014.2006_00.png,0,0,0,0
2018105.0812_01.png,0,0,0,0
2018074.0112_30.png,0,0,0,0
2018054.1406_31.png,0,0,0,0
2018167.2354_02.png,0,0,0,0
2018041.1312_32.png,0,0,0,0
2018101.2300_11.png,0,0,0,0
2018112.1936_20.png,0,0,0,0
2018101.0554_00.png,0,0,0,0
2018103.0018_30.png,0,0,0,0
2018167.1536_22.png,0,0,0,0
2018043.1606_30.png,0,0,0,0
2018142.0130_12.png,0,0,0,0
2018104.0648_30.png,0,0,0,0
2018079.0118_32.png,0,0,0,0
2018254.2336_00.png,0,0,0,0
2018113.1912_22.png,0,0,0,0
2018023.1018_30.png,0,0,0,0
2018166.0048_32.png,0,0,0,0
2018193.0030_11.png,0,0,0,0
2018103.0018_11.png,0,0,0,0
2018113.1918_02.png,0,0,0,0
2018198.0548_32.png,0,0,0,0
2018023.1024_21.png,0,0,0,0
2018106.0242_20.png,0,0,0,0
2018077.2224_20.png,0,0,0,0
2018140.0030_30.png,0,0,0,0
2018112.1248_21.png,0,0,0,0
2018282.1800_10.png,0,0,0,0
2018168.0148_31.png,0,0,0,0
2018083.1018_10.png,0,0,0,0
2018107.0554_20.png,0,0,0,0
2018101.2318_30.png,0,0,0,0
2018054.1554_22.png,0,0,0,0
2018050.1336_12.png,0,0,0,0
2018043.1612_21.png,0,0,0,0
2018190.2148_12.png,0,0,0,0
2018164.0500_10.png,0,0,0,0
2018141.0012_21.png,0,0,0,0
2018169.1224_02.png,0,0,0,0
2018108.0212_11.png,0,0,0,0
2018042.1454_01.png,0,0,0,0
2018110.0824_11.png,0,0,0,0
2018019.1506_02.png,0,0,0,0
2018220.1048_32.png,0,0,0,0
2018104.0648_32.png,0,0,0,0
2018131.0706_31.png,0,0,0,0
2018162.0700_30.png,0,0,0,0
2018110.2148_30.png,0,0,0,0
2018141.1206_22.png,0,0,0,0
2018110.0818_20.png,0,0,0,0
2018108.0206_02.png,0,0,0,0
2018282.1754_02.png,0,0,0,0
2018083.0700_30.png,0,0,0,0
2018282.0118_00.png,0,0,0,0
2018103.0200_10.png,0,0,0,0
2018220.1042_32.png,0,0,0,0
2018104.0830_31.png,0,0,0,0
2018108.0854_21.png,0,0,0,0
2018108.0036_20.png,0,0,0,0
2018141.0148_32.png,0,0,0,0
2018051.2336_10.png,0,0,0,0
2018105.0436_21.png,0,0,0,0
2018110.2330_00.png,0,0,0,0
2018108.0206_31.png,0,0,0,0
2018014.2000_21.png,0,0,0,0
2018110.2154_21.png,0,0,0,0
2018104.1848_11.png,0,0,0,0
2018082.1206_12.png,0,0,0,0
2018190.2154_11.png,0,0,0,0
2018051.1136_02.png,0,0,0,0
2018103.1718_12.png,0,0,0,0
2018074.0300_31.png,0,0,0,0
2018101.0554_12.png,0,0,0,0
2018142.1524_12.png,0,0,0,0
2018105.0954_12.png,0,0,0,0
2018081.1036_22.png,0,0,0,0
2018041.1312_11.png,0,0,0,0
2018081.1036_20.png,0,0,0,0
2018130.2230_02.png,0,0,0,0
2018072.2024_32.png,0,0,0,0
2018142.0136_31.png,0,0,0,0
2018105.0624_32.png,0,0,0,0
2018072.1142_12.png,0,0,0,0
2018248.2348_30.png,0,0,0,0
2018130.2224_12.png,0,0,0,0
2018220.0530_11.png,0,0,0,0
2018169.0630_32.png,0,0,0,0
2018113.0218_32.png,0,0,0,0
2018113.1912_02.png,0,0,0,0
2018110.2336_10.png,0,0,0,0
2018140.0036_02.png,0,0,0,0
2018016.0230_21.png,0,0,0,0
2018130.2230_12.png,0,0,0,0
2018198.1736_30.png,0,0,0,0
2018104.2206_31.png,0,0,0,0
2018102.0042_30.png,0,0,0,0
2018105.0436_30.png,0,0,0,0
2018141.0012_30.png,0,0,0,0
2018130.2230_32.png,0,0,0,0
2018069.0818_30.png,0,0,0,0
2018106.0248_00.png,0,0,0,0
2018131.1006_00.png,0,0,0,0
2018105.2142_20.png,0,0,0,0
2018023.1024_30.png,0,0,0,0
2018131.0706_01.png,0,0,0,0
2018108.0036_22.png,0,0,0,0
2018192.0418_30.png,0,0,0,0
2018072.1148_31.png,0,0,0,0
2018111.1954_10.png,0,0,0,0
2018282.1754_20.png,0,0,0,0
2018258.1718_12.png,0,0,0,0
2018104.1348_32.png,0,0,0,0
2018142.0130_02.png,0,0,0,0
2018016.0236_00.png,0,0,0,0
2018162.0700_21.png,0,0,0,0
2018100.0618_10.png,0,0,0,0
2018110.2336_02.png,0,0,0,0
2018079.1818_12.png,0,0,0,0
2018100.0818_21.png,0,0,0,0
2018105.0442_10.png,0,0,0,0
2018200.2212_30.png,0,0,0,0
2018104.2200_02.png,0,0,0,0
2018013.0836_10.png,0,0,0,0
2018110.2330_31.png,0,0,0,0
2018101.0124_32.png,0,0,0,0
2018051.2336_11.png,0,0,0,0
2018054.1436_02.png,0,0,0,0
2018141.2024_22.png,0,0,0,0
2018077.2218_00.png,0,0,0,0
2018168.1524_32.png,0,0,0,0
2018079.0118_21.png,0,0,0,0
2018130.2218_01.png,0,0,0,0
2018101.0118_30.png,0,0,0,0
2018019.1500_30.png,0,0,0,0
2018076.0218_30.png,0,0,0,0
2018105.0948_11.png,0,0,0,0
2018102.0548_00.png,0,0,0,0
2018131.1518_31.png,0,0,0,0
2018050.1342_21.png,0,0,0,0
2018254.2148_20.png,0,0,0,0
2018109.1854_02.png,0,0,0,0
2018166.0042_31.png,0,0,0,0
2018024.0830_00.png,0,0,0,0
2018041.2018_11.png,0,0,0,0
2018140.0218_02.png,0,0,0,0
2018105.0630_12.png,0,0,0,0
2018101.1618_21.png,0,0,0,0
2018104.0142_32.png,0,0,0,0
2018110.2336_21.png,0,0,0,0
2018104.1842_02.png,0,0,0,0
2018044.1412_00.png,0,0,0,0
2018142.1524_22.png,0,0,0,0
2018015.1954_31.png,0,0,0,0
2018103.0548_22.png,0,0,0,0
2018054.1554_30.png,0,0,0,0
2018054.0042_32.png,0,0,0,0
2018253.1518_30.png,0,0,0,0
2018042.1448_02.png,0,0,0,0
2018103.0200_12.png,0,0,0,0
2018013.0842_31.png,0,0,0,0
2018051.0136_31.png,0,0,0,0
2018141.0154_20.png,0,0,0,0
2018282.1954_31.png,0,0,0,0
2018100.0624_22.png,0,0,0,0
2018014.2000_22.png,0,0,0,0
2018103.0542_20.png,0,0,0,0
2018110.1324_02.png,0,0,0,0
2018103.1712_00.png,0,0,0,0
2018191.0118_11.png,0,0,0,0
2018198.0548_11.png,0,0,0,0
2018069.1600_21.png,0,0,0,0
2018107.0548_02.png,0,0,0,0
2018105.0948_00.png,0,0,0,0
2018106.0242_11.png,0,0,0,0
2018018.0348_02.png,0,0,0,0
2018072.1148_32.png,0,0,0,0
2018044.1412_21.png,0,0,0,0
2018054.0036_00.png,0,0,0,0
2018011.1224_30.png,0,0,0,0
2018219.0554_00.png,0,0,0,0
2018077.2224_00.png,0,0,0,0
2018014.0500_02.png,0,0,0,0
2018103.0206_32.png,0,0,0,0
2018106.0800_20.png,0,0,0,0
2018054.1554_00.png,0,0,0,0
2018141.1200_12.png,0,0,0,0
2018162.0154_00.png,0,0,0,0
2018169.0448_32.png,0,0,0,0
2018107.0230_01.png,0,0,0,0
2018082.1724_22.png,0,0,0,0
2018130.2218_31.png,0,0,0,0
2018133.1624_21.png,0,0,0,0
2018044.1548_31.png,0,0,0,0
2018111.0942_20.png,0,0,0,0
2018069.0812_02.png,0,0,0,0
2018105.0806_30.png,0,0,0,0
2018105.1448_21.png,0,0,0,0
2018167.2348_22.png,0,0,0,0
2018112.0924_00.png,0,0,0,0
2018104.1842_31.png,0,0,0,0
2018079.0124_31.png,0,0,0,0
2018108.0900_30.png,0,0,0,0
2018083.0700_12.png,0,0,0,0
2018142.1524_30.png,0,0,0,0
2018111.0948_20.png,0,0,0,0
2018079.0124_12.png,0,0,0,0
2018130.1848_01.png,0,0,0,0
2018113.0224_20.png,0,0,0,0
2018220.0530_12.png,0,0,0,0
2018069.0818_31.png,0,0,0,0
2018106.0612_30.png,0,0,0,0
2018167.1530_30.png,0,0,0,0
2018112.1930_10.png,0,0,0,0
2018014.0306_20.png,0,0,0,0
2018191.0112_21.png,0,0,0,0
2018132.2324_01.png,0,0,0,0
2018054.1436_32.png,0,0,0,0
2018164.0454_01.png,0,0,0,0
2018200.0648_11.png,0,0,0,0
2018024.0830_11.png,0,0,0,0
2018082.1718_32.png,0,0,0,0
2018107.1418_10.png,0,0,0,0
2018131.0700_30.png,0,0,0,0
2018106.0118_00.png,0,0,0,0
2018023.1018_00.png,0,0,0,0
2018107.1418_20.png,0,0,0,0
2018101.0124_31.png,0,0,0,0
2018193.0036_22.png,0,0,0,0
2018044.1554_32.png,0,0,0,0
2018106.0242_30.png,0,0,0,0
2018258.1712_30.png,0,0,0,0
2018051.1324_21.png,0,0,0,0
2018112.1106_20.png,0,0,0,0
2018130.2230_22.png,0,0,0,0
2018105.1448_10.png,0,0,0,0
2018101.0118_12.png,0,0,0,0
2018112.1242_12.png,0,0,0,0
2018169.2106_11.png,0,0,0,0
2018046.2154_12.png,0,0,0,0
2018219.0554_32.png,0,0,0,0
2018041.0306_30.png,0,0,0,0
2018132.2318_20.png,0,0,0,0
2018051.1324_10.png,0,0,0,0
2018077.0654_02.png,0,0,0,0
2018044.1412_30.png,0,0,0,0
2018081.0536_31.png,0,0,0,0
2018167.2354_22.png,0,0,0,0
2018190.2148_22.png,0,0,0,0
2018254.2148_01.png,0,0,0,0
2018169.1930_32.png,0,0,0,0
2018054.0036_01.png,0,0,0,0
2018218.2312_32.png,0,0,0,0
2018074.0112_32.png,0,0,0,0
2018130.2230_30.png,0,0,0,0
2018108.0354_20.png,0,0,0,0
2018040.2018_30.png,0,0,0,0
2018131.0700_01.png,0,0,0,0
2018106.0618_02.png,0,0,0,0
2018281.0136_02.png,0,0,0,0
2018190.2148_31.png,0,0,0,0
2018107.0230_22.png,0,0,0,0
2018282.0124_00.png,0,0,0,0
2018105.0630_11.png,0,0,0,0
2018106.0754_02.png,0,0,0,0
2018200.0518_10.png,0,0,0,0
2018107.0230_11.png,0,0,0,0
2018111.0118_20.png,0,0,0,0
2018109.1854_31.png,0,0,0,0
2018042.1248_02.png,0,0,0,0
2018111.1954_02.png,0,0,0,0
2018017.1606_32.png,0,0,0,0
2018101.0554_11.png,0,0,0,0
2018169.1230_00.png,0,0,0,0
2018082.1542_32.png,0,0,0,0
2018132.2324_11.png,0,0,0,0
2018108.0030_10.png,0,0,0,0
2018110.2154_12.png,0,0,0,0
2018043.2112_32.png,0,0,0,0
2018110.2012_31.png,0,0,0,0
2018100.0618_32.png,0,0,0,0
2018106.0800_02.png,0,0,0,0
2018131.1012_01.png,0,0,0,0
2018013.0842_30.png,0,0,0,0
2018043.1612_30.png,0,0,0,0
2018044.1554_22.png,0,0,0,0
2018054.1412_30.png,0,0,0,0
2018106.0124_22.png,0,0,0,0
2018046.2200_12.png,0,0,0,0
2018074.0118_12.png,0,0,0,0
2018161.0218_00.png,0,0,0,0
2018103.1712_30.png,0,0,0,0
2018140.0212_31.png,0,0,0,0
2018082.1718_10.png,0,0,0,0
2018191.0118_00.png,0,0,0,0
2018168.0142_12.png,0,0,0,0
2018016.0230_01.png,0,0,0,0
2018044.2054_30.png,0,0,0,0
2018104.1848_32.png,0,0,0,0
2018110.2336_12.png,0,0,0,0
2018168.1524_21.png,0,0,0,0
2018103.0542_11.png,0,0,0,0
2018105.0954_01.png,0,0,0,0
2018130.0024_31.png,0,0,0,0
2018141.2024_30.png,0,0,0,0
2018017.0900_30.png,0,0,0,0
2018040.1142_32.png,0,0,0,0
2018111.1948_02.png,0,0,0,0
2018040.1148_10.png,0,0,0,0
2018112.1106_00.png,0,0,0,0
2018077.0654_01.png,0,0,0,0
2018140.0212_22.png,0,0,0,0
2018219.1600_00.png,0,0,0,0
2018025.1448_22.png,0,0,0,0
2018108.0030_20.png,0,0,0,0
2018140.0212_11.png,0,0,0,0
2018044.1418_32.png,0,0,0,0
2018013.0842_01.png,0,0,0,0
2018168.0148_20.png,0,0,0,0
2018169.1230_30.png,0,0,0,0
2018076.0212_21.png,0,0,0,0
2018106.0118_01.png,0,0,0,0
2018107.1418_00.png,0,0,0,0
2018104.0824_30.png,0,0,0,0
2018282.0748_10.png,0,0,0,0
2018108.0212_00.png,0,0,0,0
2018112.1930_01.png,0,0,0,0
2018082.1206_32.png,0,0,0,0
2018105.2148_21.png,0,0,0,0
2018072.2030_31.png,0,0,0,0
2018161.0224_12.png,0,0,0,0
2018105.0624_01.png,0,0,0,0
2018083.0700_01.png,0,0,0,0
2018104.0830_21.png,0,0,0,0
2018141.0018_31.png,0,0,0,0
2018107.1412_22.png,0,0,0,0
2018043.1606_21.png,0,0,0,0
2018166.0048_00.png,0,0,0,0
2018256.0418_21.png,0,0,0,0
2018142.0136_32.png,0,0,0,0
2018054.1548_10.png,0,0,0,0
2018081.0530_20.png,0,0,0,0
2018043.1606_22.png,0,0,0,0
2018081.1036_30.png,0,0,0,0
2018104.1842_22.png,0,0,0,0
2018112.0924_21.png,0,0,0,0
2018103.0206_10.png,0,0,0,0
2018190.2154_31.png,0,0,0,0
2018102.0548_01.png,0,0,0,0
2018106.0242_00.png,0,0,0,0
2018017.0906_11.png,0,0,0,0
2018041.1306_21.png,0,0,0,0
2018107.1930_22.png,0,0,0,0
2018041.0312_02.png,0,0,0,0
2018282.0748_22.png,0,0,0,0
2018169.0118_30.png,0,0,0,0
2018106.0248_12.png,0,0,0,0
2018169.2112_32.png,0,0,0,0
2018167.1530_32.png,0,0,0,0
2018050.0354_02.png,0,0,0,0
2018069.1606_22.png,0,0,0,0
2018101.0554_32.png,0,0,0,0
2018079.0124_00.png,0,0,0,0
2018021.0254_10.png,0,0,0,0
2018169.1606_10.png,0,0,0,0
2018044.1554_21.png,0,0,0,0
2018106.0118_32.png,0,0,0,0
2018083.1024_00.png,0,0,0,0
2018079.0254_11.png,0,0,0,0
2018200.0512_20.png,0,0,0,0
2018083.1024_01.png,0,0,0,0
2018051.2336_30.png,0,0,0,0
2018105.0442_21.png,0,0,0,0
2018109.1848_22.png,0,0,0,0
2018131.0706_02.png,0,0,0,0
2018161.0036_00.png,0,0,0,0
2018103.0200_21.png,0,0,0,0
2018142.0136_22.png,0,0,0,0
2018081.1042_21.png,0,0,0,0
2018023.1706_11.png,0,0,0,0
2018017.0906_31.png,0,0,0,0
2018140.0036_12.png,0,0,0,0
2018133.1630_22.png,0,0,0,0
2018132.2324_12.png,0,0,0,0
2018162.0700_31.png,0,0,0,0
2018141.1206_10.png,0,0,0,0
2018104.1842_01.png,0,0,0,0
2018047.1454_30.png,0,0,0,0
2018192.0424_01.png,0,0,0,0
2018112.0924_30.png,0,0,0,0
2018041.2012_11.png,0,0,0,0
2018069.1600_20.png,0,0,0,0
2018046.2024_12.png,0,0,0,0
2018106.0248_11.png,0,0,0,0
2018142.0130_32.png,0,0,0,0
2018069.0812_32.png,0,0,0,0
2018018.0348_11.png,0,0,0,0
2018142.0136_10.png,0,0,0,0
2018109.1848_12.png,0,0,0,0
2018013.0836_22.png,0,0,0,0
2018048.1600_32.png,0,0,0,0
2018142.1524_31.png,0,0,0,0
2018131.1524_22.png,0,0,0,0
2018282.0124_30.png,0,0,0,0
2018069.0812_22.png,0,0,0,0
2018162.0200_12.png,0,0,0,0
2018054.0042_22.png,0,0,0,0
2018107.0548_11.png,0,0,0,0
2018024.0830_20.png,0,0,0,0
2018164.0500_01.png,0,0,0,0
2018050.0354_00.png,0,0,0,0
2018082.1542_01.png,0,0,0,0
2018025.1454_12.png,0,0,0,0
2018110.2006_22.png,0,0,0,0
2018106.0612_20.png,0,0,0,0
2018110.0824_10.png,0,0,0,0
2018050.0400_02.png,0,0,0,0
2018200.0648_30.png,0,0,0,0
2018131.0700_10.png,0,0,0,0
2018161.0218_22.png,0,0,0,0
2018077.2224_30.png,0,0,0,0
2018108.0030_32.png,0,0,0,0
2018200.0648_00.png,0,0,0,0
2018014.2000_02.png,0,0,0,0
2018130.2218_21.png,0,0,0,0
2018110.2012_30.png,0,0,0,0
2018200.2206_30.png,0,0,0,0
2018253.1518_31.png,0,0,0,0
2018015.1948_32.png,0,0,0,0
2018110.0818_21.png,0,0,0,0
2018105.0630_31.png,0,0,0,0
2018100.0818_10.png,0,0,0,0
2018104.0824_20.png,0,0,0,0
2018282.0118_02.png,0,0,0,0
2018282.0306_10.png,0,0,0,0
2018169.0442_02.png,0,0,0,0
2018191.0118_30.png,0,0,0,0
2018025.1454_10.png,0,0,0,0
2018102.0042_32.png,0,0,0,0
2018108.1912_30.png,0,0,0,0
2018112.0918_02.png,0,0,0,0
2018105.0630_21.png,0,0,0,0
2018103.0018_21.png,0,0,0,0
2018051.2336_32.png,0,0,0,0
2018050.0354_20.png,0,0,0,0
2018044.1418_22.png,0,0,0,0
2018018.1518_11.png,0,0,0,0
2018025.1454_31.png,0,0,0,0
2018169.1600_30.png,0,0,0,0
2018162.0154_20.png,0,0,0,0
2018040.2018_21.png,0,0,0,0
2018079.0254_30.png,0,0,0,0
2018141.2024_21.png,0,0,0,0
2018079.1818_02.png,0,0,0,0
2018083.1018_20.png,0,0,0,0
2018069.0818_21.png,0,0,0,0
2018110.2148_10.png,0,0,0,0
2018017.0900_31.png,0,0,0,0
2018103.0548_11.png,0,0,0,0
2018110.2154_10.png,0,0,0,0
2018046.2154_22.png,0,0,0,0
2018166.0042_02.png,0,0,0,0
2018106.0618_01.png,0,0,0,0
2018051.1136_30.png,0,0,0,0
2018014.0300_21.png,0,0,0,0
2018104.1354_32.png,0,0,0,0
2018104.1354_12.png,0,0,0,0
2018162.0706_02.png,0,0,0,0
2018025.1448_32.png,0,0,0,0
2018081.0530_21.png,0,0,0,0
2018220.0712_12.png,0,0,0,0
2018254.2330_01.png,0,0,0,0
2018190.2154_12.png,0,0,0,0
2018137.1500_11.png,0,0,0,0
2018198.0548_20.png,0,0,0,0
2018103.0206_00.png,0,0,0,0
2018190.2154_10.png,0,0,0,0
2018282.1948_01.png,0,0,0,0
2018282.1954_02.png,0,0,0,0
2018104.0142_10.png,0,0,0,0
2018190.2154_32.png,0,0,0,0
2018100.0624_11.png,0,0,0,0
2018169.0442_32.png,0,0,0,0
2018041.2012_21.png,0,0,0,0
2018112.1936_11.png,0,0,0,0
2018111.0948_21.png,0,0,0,0
2018108.0354_11.png,0,0,0,0
2018081.1042_00.png,0,0,0,0
2018101.0124_00.png,0,0,0,0
2018103.1718_21.png,0,0,0,0
2018041.2018_12.png,0,0,0,0
2018025.1448_20.png,0,0,0,0
2018041.2018_02.png,0,0,0,0
2018200.0512_01.png,0,0,0,0
2018013.0842_12.png,0,0,0,0
2018112.1248_31.png,0,0,0,0
2018101.2300_30.png,0,0,0,0
2018254.2336_31.png,0,0,0,0
2018219.1100_30.png,0,0,0,0
2018024.0836_32.png,0,0,0,0
2018105.0436_22.png,0,0,0,0
2018108.0348_32.png,0,0,0,0
2018131.1012_02.png,0,0,0,0
2018111.0112_10.png,0,0,0,0
2018131.0700_02.png,0,0,0,0
2018041.2018_21.png,0,0,0,0
2018044.0906_32.png,0,0,0,0
2018161.0218_12.png,0,0,0,0
2018282.0748_01.png,0,0,0,0
2018043.2112_02.png,0,0,0,0
2018169.1600_22.png,0,0,0,0
2018281.0142_31.png,0,0,0,0
2018040.1148_21.png,0,0,0,0
2018110.2148_01.png,0,0,0,0
2018167.1530_12.png,0,0,0,0
2018200.0518_01.png,0,0,0,0
2018074.0118_00.png,0,0,0,0
2018054.1554_01.png,0,0,0,0
2018112.0918_30.png,0,0,0,0
2018111.1948_11.png,0,0,0,0
2018111.1124_22.png,0,0,0,0
2018142.1648_32.png,0,0,0,0
2018166.0042_00.png,0,0,0,0
2018107.0224_11.png,0,0,0,0
2018051.1142_30.png,0,0,0,0
2018069.1606_12.png,0,0,0,0
2018025.1454_11.png,0,0,0,0
2018219.1600_22.png,0,0,0,0
2018218.2318_11.png,0,0,0,0
2018083.0706_02.png,0,0,0,0
2018082.1206_10.png,0,0,0,0
2018109.2030_20.png,0,0,0,0
2018282.0748_02.png,0,0,0,0
2018103.0206_31.png,0,0,0,0
2018019.1506_00.png,0,0,0,0
2018044.2048_12.png,0,0,0,0
2018104.2200_31.png,0,0,0,0
2018282.1800_00.png,0,0,0,0
2018104.1354_10.png,0,0,0,0
2018169.2106_12.png,0,0,0,0
2018014.2006_22.png,0,0,0,0
2018103.0018_10.png,0,0,0,0
2018083.1018_30.png,0,0,0,0
2018051.1142_20.png,0,0,0,0
2018130.1854_32.png,0,0,0,0
2018106.0800_00.png,0,0,0,0
2018161.0030_01.png,0,0,0,0
2018044.0900_30.png,0,0,0,0
2018107.0548_01.png,0,0,0,0
2018014.0500_10.png,0,0,0,0
2018081.0900_00.png,0,0,0,0
2018040.2018_31.png,0,0,0,0
2018054.1430_11.png,0,0,0,0
2018016.0236_10.png,0,0,0,0
2018141.0154_02.png,0,0,0,0
2018113.1724_01.png,0,0,0,0
2018054.0036_31.png,0,0,0,0
2018014.0500_12.png,0,0,0,0
2018105.0436_02.png,0,0,0,0
2018044.2054_20.png,0,0,0,0
2018011.1230_12.png,0,0,0,0
2018218.2318_02.png,0,0,0,0
2018100.0824_20.png,0,0,0,0
2018054.1430_21.png,0,0,0,0
2018025.1448_02.png,0,0,0,0
2018054.1612_32.png,0,0,0,0
2018282.0754_00.png,0,0,0,0
2018193.0036_20.png,0,0,0,0
2018041.1648_31.png,0,0,0,0
2018072.2024_20.png,0,0,0,0
2018112.0924_02.png,0,0,0,0
2018167.2354_31.png,0,0,0,0
2018019.1506_21.png,0,0,0,0
2018083.1018_00.png,0,0,0,0
2018101.0118_22.png,0,0,0,0
2018104.0654_01.png,0,0,0,0
2018082.1718_01.png,0,0,0,0
2018161.0036_32.png,0,0,0,0
2018168.0148_21.png,0,0,0,0
2018141.0154_11.png,0,0,0,0
2018109.1848_21.png,0,0,0,0
2018024.0830_01.png,0,0,0,0
2018110.1318_02.png,0,0,0,0
2018200.2206_31.png,0,0,0,0
2018069.1600_30.png,0,0,0,0
2018050.0400_00.png,0,0,0,0
2018041.1306_01.png,0,0,0,0
2018042.1254_32.png,0,0,0,0
2018104.0654_10.png,0,0,0,0
2018141.0148_21.png,0,0,0,0
2018162.0706_22.png,0,0,0,0
2018108.0900_20.png,0,0,0,0
2018072.1148_21.png,0,0,0,0
2018110.2154_01.png,0,0,0,0
2018169.1924_32.png,0,0,0,0
2018018.0348_20.png,0,0,0,0
2018219.1424_22.png,0,0,0,0
2018054.1430_32.png,0,0,0,0
2018013.0842_02.png,0,0,0,0
2018169.0636_00.png,0,0,0,0
2018077.2218_22.png,0,0,0,0
2018200.0512_02.png,0,0,0,0
2018054.1406_01.png,0,0,0,0
2018218.2312_30.png,0,0,0,0
2018019.1500_00.png,0,0,0,0
2018083.1018_31.png,0,0,0,0
2018105.0954_20.png,0,0,0,0
2018082.1536_21.png,0,0,0,0
2018103.2036_32.png,0,0,0,0
2018017.1600_00.png,0,0,0,0
2018140.0218_32.png,0,0,0,0
2018104.1354_00.png,0,0,0,0
2018111.0942_31.png,0,0,0,0
2018112.1930_31.png,0,0,0,0
2018104.2200_12.png,0,0,0,0
2018137.1454_01.png,0,0,0,0
2018100.0624_02.png,0,0,0,0
2018141.0012_32.png,0,0,0,0
2018054.1436_31.png,0,0,0,0
2018137.1500_32.png,0,0,0,0
2018200.2212_10.png,0,0,0,0
2018169.0442_21.png,0,0,0,0
2018102.0042_11.png,0,0,0,0
2018108.0206_22.png,0,0,0,0
2018100.0824_32.png,0,0,0,0
2018014.0306_10.png,0,0,0,0
2018200.0148_02.png,0,0,0,0
2018069.0812_00.png,0,0,0,0
2018141.1206_32.png,0,0,0,0
2018040.2024_22.png,0,0,0,0
2018200.0512_21.png,0,0,0,0
2018041.0136_11.png,0,0,0,0
2018220.0712_02.png,0,0,0,0
2018282.1800_02.png,0,0,0,0
2018131.1012_20.png,0,0,0,0
2018105.1454_20.png,0,0,0,0
2018101.0554_10.png,0,0,0,0
2018107.0230_02.png,0,0,0,0
2018102.0548_22.png,0,0,0,0
2018112.1100_20.png,0,0,0,0
2018104.0148_10.png,0,0,0,0
2018132.2318_32.png,0,0,0,0
2018110.1136_11.png,0,0,0,0
2018018.1524_22.png,0,0,0,0
2018101.1612_21.png,0,0,0,0
2018025.1630_31.png,0,0,0,0
2018104.1842_12.png,0,0,0,0
2018104.0824_12.png,0,0,0,0
2018169.0448_02.png,0,0,0,0
2018282.1754_01.png,0,0,0,0
2018141.1200_32.png,0,0,0,0
2018111.0112_32.png,0,0,0,0
2018041.0130_01.png,0,0,0,0
2018074.0112_31.png,0,0,0,0
2018168.0148_01.png,0,0,0,0
2018167.2348_02.png,0,0,0,0
2018107.0548_30.png,0,0,0,0
2018041.0136_32.png,0,0,0,0
2018190.2154_02.png,0,0,0,0
2018112.1242_10.png,0,0,0,0
2018077.0654_12.png,0,0,0,0
2018200.0648_32.png,0,0,0,0
2018101.0124_21.png,0,0,0,0
2018132.2324_32.png,0,0,0,0
2018169.0118_12.png,0,0,0,0
2018102.0042_31.png,0,0,0,0
2018113.1918_11.png,0,0,0,0
2018112.1106_12.png,0,0,0,0
2018103.0024_22.png,0,0,0,0
2018043.1230_32.png,0,0,0,0
2018081.0530_22.png,0,0,0,0
2018108.0900_01.png,0,0,0,0
2018025.1454_20.png,0,0,0,0
2018167.1530_02.png,0,0,0,0
2018131.1518_30.png,0,0,0,0
2018133.1624_32.png,0,0,0,0
2018167.2354_32.png,0,0,0,0
2018105.0806_01.png,0,0,0,0
2018162.0700_11.png,0,0,0,0
2018140.0212_10.png,0,0,0,0
2018166.0048_22.png,0,0,0,0
2018140.0036_00.png,0,0,0,0
2018111.0948_22.png,0,0,0,0
2018132.2324_10.png,0,0,0,0
2018107.0230_30.png,0,0,0,0
2018130.2224_20.png,0,0,0,0
2018074.0112_00.png,0,0,0,0
2018102.0036_32.png,0,0,0,0
2018082.1536_12.png,0,0,0,0
2018133.1630_00.png,0,0,0,0
2018218.2312_12.png,0,0,0,0
2018219.1054_20.png,0,0,0,0
2018105.0442_32.png,0,0,0,0
2018101.2300_22.png,0,0,0,0
2018041.2012_12.png,0,0,0,0
2018014.2006_11.png,0,0,0,0
2018100.0624_32.png,0,0,0,0
2018041.1312_22.png,0,0,0,0
2018100.0618_12.png,0,0,0,0
2018104.0830_11.png,0,0,0,0
2018169.0448_31.png,0,0,0,0
2018104.1848_20.png,0,0,0,0
2018105.0442_20.png,0,0,0,0
2018220.0536_00.png,0,0,0,0
2018101.1618_31.png,0,0,0,0
2018083.1024_32.png,0,0,0,0
2018168.0148_22.png,0,0,0,0
2018014.0506_10.png,0,0,0,0
2018141.0148_10.png,0,0,0,0
2018107.0230_12.png,0,0,0,0
2018104.0830_12.png,0,0,0,0
2018137.1500_31.png,0,0,0,0
2018113.0224_11.png,0,0,0,0
2018023.1024_31.png,0,0,0,0
2018142.1642_20.png,0,0,0,0
2018077.2218_10.png,0,0,0,0
2018050.1342_10.png,0,0,0,0
2018044.1354_10.png,0,0,0,0
2018107.1930_20.png,0,0,0,0
2018041.0136_20.png,0,0,0,0
2018054.0042_01.png,0,0,0,0
2018025.1448_21.png,0,0,0,0
2018161.0224_00.png,0,0,0,0
2018103.0200_20.png,0,0,0,0
2018069.1600_12.png,0,0,0,0
2018079.0124_11.png,0,0,0,0
2018079.0254_22.png,0,0,0,0
2018198.1736_02.png,0,0,0,0
2018104.2206_20.png,0,0,0,0
2018137.1500_22.png,0,0,0,0
2018169.2112_12.png,0,0,0,0
2018282.0748_12.png,0,0,0,0
2018082.1718_21.png,0,0,0,0
2018054.1406_12.png,0,0,0,0
2018111.1118_20.png,0,0,0,0
2018219.1600_01.png,0,0,0,0
2018141.1206_12.png,0,0,0,0
2018013.0842_20.png,0,0,0,0
2018013.0842_11.png,0,0,0,0
2018137.1500_02.png,0,0,0,0
2018043.2118_10.png,0,0,0,0
2018081.0900_11.png,0,0,0,0
2018023.1712_01.png,0,0,0,0
2018050.1342_32.png,0,0,0,0
2018081.0900_12.png,0,0,0,0
2018169.1924_10.png,0,0,0,0
2018164.0454_32.png,0,0,0,0
2018141.0018_02.png,0,0,0,0
2018106.0612_00.png,0,0,0,0
2018107.1924_22.png,0,0,0,0
2018046.2154_02.png,0,0,0,0
2018082.1542_12.png,0,0,0,0
2018133.1624_11.png,0,0,0,0
2018167.2348_30.png,0,0,0,0
2018110.0824_32.png,0,0,0,0
2018043.2112_30.png,0,0,0,0
2018131.1524_12.png,0,0,0,0
2018103.2042_01.png,0,0,0,0
2018081.0900_21.png,0,0,0,0
2018044.1548_30.png,0,0,0,0
2018048.1600_12.png,0,0,0,0
2018102.0548_02.png,0,0,0,0
2018141.1206_01.png,0,0,0,0
2018169.1606_22.png,0,0,0,0
2018219.1600_02.png,0,0,0,0
2018047.1500_02.png,0,0,0,0
2018047.1454_10.png,0,0,0,0
2018130.0018_00.png,0,0,0,0
2018100.0618_20.png,0,0,0,0
2018018.0348_21.png,0,0,0,0
2018109.1854_01.png,0,0,0,0
2018219.1054_12.png,0,0,0,0
2018015.1954_01.png,0,0,0,0
2018132.2318_31.png,0,0,0,0
2018040.2024_02.png,0,0,0,0
2018282.1948_22.png,0,0,0,0
2018198.1742_30.png,0,0,0,0
2018108.0206_21.png,0,0,0,0
2018109.1854_12.png,0,0,0,0
2018130.1848_02.png,0,0,0,0
2018100.0618_01.png,0,0,0,0
2018048.1600_00.png,0,0,0,0
2018040.2024_32.png,0,0,0,0
2018220.0530_30.png,0,0,0,0
2018254.2330_20.png,0,0,0,0
2018105.1454_02.png,0,0,0,0
2018169.1230_22.png,0,0,0,0
2018101.2300_20.png,0,0,0,0
2018014.2000_30.png,0,0,0,0
2018193.0036_11.png,0,0,0,0
2018137.1454_31.png,0,0,0,0
2018112.1248_20.png,0,0,0,0
2018041.1648_30.png,0,0,0,0
2018131.0700_32.png,0,0,0,0
2018054.1606_02.png,0,0,0,0
2018103.0018_22.png,0,0,0,0
2018081.0536_11.png,0,0,0,0
2018017.0900_01.png,0,0,0,0
2018253.1524_20.png,0,0,0,0
2018050.1336_32.png,0,0,0,0
2018110.2154_32.png,0,0,0,0
2018108.0030_12.png,0,0,0,0
2018192.0424_10.png,0,0,0,0
2018108.0206_12.png,0,0,0,0
2018141.0012_00.png,0,0,0,0
2018103.0542_00.png,0,0,0,0
2018161.0218_02.png,0,0,0,0
2018110.0818_01.png,0,0,0,0
2018101.2306_22.png,0,0,0,0
2018108.1912_11.png,0,0,0,0
2018025.1630_11.png,0,0,0,0
2018043.1606_01.png,0,0,0,0
2018044.1354_01.png,0,0,0,0
2018051.1136_12.png,0,0,0,0
2018044.1554_30.png,0,0,0,0
2018111.1124_01.png,0,0,0,0
2018107.0224_32.png,0,0,0,0
2018079.1818_21.png,0,0,0,0
2018106.0124_32.png,0,0,0,0
2018200.0518_02.png,0,0,0,0
2018113.1730_00.png,0,0,0,0
2018112.1248_12.png,0,0,0,0
2018081.0530_01.png,0,0,0,0
2018043.1612_31.png,0,0,0,0
2018254.2154_00.png,0,0,0,0
2018253.1524_22.png,0,0,0,0
2018282.0300_30.png,0,0,0,0
2018103.0548_31.png,0,0,0,0
2018044.2048_21.png,0,0,0,0
2018220.1042_30.png,0,0,0,0
2018013.0836_01.png,0,0,0,0
2018110.1318_12.png,0,0,0,0
2018109.2024_31.png,0,0,0,0
2018110.2148_31.png,0,0,0,0
2018112.1242_20.png,0,0,0,0
2018168.0142_30.png,0,0,0,0
2018079.0300_32.png,0,0,0,0
2018054.1612_30.png,0,0,0,0
2018248.2348_00.png,0,0,0,0
2018131.1012_00.png,0,0,0,0
2018054.1406_20.png,0,0,0,0
2018108.0354_01.png,0,0,0,0
2018106.0754_30.png,0,0,0,0
2018105.0948_01.png,0,0,0,0
2018112.1248_01.png,0,0,0,0
2018200.0148_00.png,0,0,0,0
2018014.2006_12.png,0,0,0,0
2018141.2024_31.png,0,0,0,0
2018017.0906_30.png,0,0,0,0
2018109.1848_31.png,0,0,0,0
2018043.1236_01.png,0,0,0,0
2018193.0036_32.png,0,0,0,0
2018168.0142_01.png,0,0,0,0
2018101.1612_30.png,0,0,0,0
2018082.2218_12.png,0,0,0,0
2018281.0142_01.png,0,0,0,0
2018101.1618_02.png,0,0,0,0
2018072.1142_22.png,0,0,0,0
2018105.0806_22.png,0,0,0,0
2018109.2024_01.png,0,0,0,0
2018025.1630_20.png,0,0,0,0
2018077.0648_31.png,0,0,0,0
2018100.0624_31.png,0,0,0,0
2018132.2324_21.png,0,0,0,0
2018130.2224_22.png,0,0,0,0
2018193.0030_00.png,0,0,0,0
2018200.0518_20.png,0,0,0,0
2018167.1536_30.png,0,0,0,0
2018101.2306_31.png,0,0,0,0
2018105.0812_11.png,0,0,0,0
2018105.0436_32.png,0,0,0,0
2018142.1518_02.png,0,0,0,0
2018161.0218_11.png,0,0,0,0
2018042.1254_02.png,0,0,0,0
2018282.1954_22.png,0,0,0,0
2018219.1100_31.png,0,0,0,0
2018166.0048_12.png,0,0,0,0
2018130.2218_30.png,0,0,0,0
2018107.0224_30.png,0,0,0,0
2018246.2242_32.png,0,0,0,0
2018082.1724_12.png,0,0,0,0
2018220.2048_11.png,0,0,0,0
2018110.2148_21.png,0,0,0,0
2018103.0548_02.png,0,0,0,0
2018025.1448_00.png,0,0,0,0
2018043.1230_20.png,0,0,0,0
2018200.2206_21.png,0,0,0,0
2018018.1524_01.png,0,0,0,0
2018141.2030_01.png,0,0,0,0
2018282.0118_30.png,0,0,0,0
2018193.0036_00.png,0,0,0,0
2018105.1448_02.png,0,0,0,0
2018169.0630_21.png,0,0,0,0
2018162.0154_21.png,0,0,0,0
2018103.0018_01.png,0,0,0,0
2018112.1100_11.png,0,0,0,0
2018168.0142_00.png,0,0,0,0
2018025.1454_21.png,0,0,0,0
2018256.0424_10.png,0,0,0,0
2018133.1630_02.png,0,0,0,0
2018104.0142_20.png,0,0,0,0
2018077.2224_12.png,0,0,0,0
2018069.0812_01.png,0,0,0,0
2018219.1606_10.png,0,0,0,0
2018082.1718_31.png,0,0,0,0
2018142.1648_30.png,0,0,0,0
2018141.0018_21.png,0,0,0,0
2018169.1230_01.png,0,0,0,0
2018044.1418_00.png,0,0,0,0
2018108.0354_22.png,0,0,0,0
2018108.1912_00.png,0,0,0,0
2018079.1824_10.png,0,0,0,0
2018220.0712_01.png,0,0,0,0
2018081.0530_30.png,0,0,0,0
2018141.2030_02.png,0,0,0,0
2018137.1500_10.png,0,0,0,0
2018246.2248_30.png,0,0,0,0
2018141.1200_11.png,0,0,0,0
2018113.1918_00.png,0,0,0,0
2018142.1648_10.png,0,0,0,0
2018106.0612_32.png,0,0,0,0
2018025.1624_10.png,0,0,0,0
2018169.2106_00.png,0,0,0,0
2018219.1424_20.png,0,0,0,0
2018110.1142_20.png,0,0,0,0
2018082.1536_30.png,0,0,0,0
2018169.0630_10.png,0,0,0,0
2018219.1100_02.png,0,0,0,0
2018077.2224_11.png,0,0,0,0
2018193.0036_31.png,0,0,0,0
2018074.0118_11.png,0,0,0,0
2018106.0242_21.png,0,0,0,0
2018166.0048_11.png,0,0,0,0
2018044.0900_32.png,0,0,0,0
2018191.0112_12.png,0,0,0,0
2018076.0218_11.png,0,0,0,0
2018112.0924_20.png,0,0,0,0
2018107.1418_11.png,0,0,0,0
2018142.0130_11.png,0,0,0,0
2018015.1948_12.png,0,0,0,0
2018110.2012_20.png,0,0,0,0
2018113.1918_21.png,0,0,0,0
2018043.2118_01.png,0,0,0,0
2018102.0542_21.png,0,0,0,0
2018110.1136_02.png,0,0,0,0
2018107.0224_02.png,0,0,0,0
2018133.1624_01.png,0,0,0,0
2018111.0942_10.png,0,0,0,0
2018104.0648_12.png,0,0,0,0
2018219.0554_31.png,0,0,0,0
2018018.1518_10.png,0,0,0,0
2018050.1336_02.png,0,0,0,0
2018169.0630_11.png,0,0,0,0
2018044.2048_01.png,0,0,0,0
2018169.1600_31.png,0,0,0,0
2018169.1924_30.png,0,0,0,0
2018108.0212_02.png,0,0,0,0
2018169.1224_30.png,0,0,0,0
2018101.2318_00.png,0,0,0,0
2018113.1912_30.png,0,0,0,0
2018142.1642_21.png,0,0,0,0
2018044.2054_32.png,0,0,0,0
2018105.0948_20.png,0,0,0,0
2018219.0600_11.png,0,0,0,0
2018219.1424_11.png,0,0,0,0
2018168.1530_01.png,0,0,0,0
2018040.1148_22.png,0,0,0,0
2018169.2106_32.png,0,0,0,0
2018113.1918_31.png,0,0,0,0
2018169.0124_30.png,0,0,0,0
2018282.0754_32.png,0,0,0,0
2018103.0548_01.png,0,0,0,0
2018110.1324_31.png,0,0,0,0
2018107.0554_02.png,0,0,0,0
2018105.0812_20.png,0,0,0,0
2018046.2024_00.png,0,0,0,0
2018103.0542_31.png,0,0,0,0
2018104.1348_11.png,0,0,0,0
2018110.0824_20.png,0,0,0,0
2018043.1606_02.png,0,0,0,0
2018041.1306_10.png,0,0,0,0
2018169.2106_30.png,0,0,0,0
2018100.0618_22.png,0,0,0,0
2018102.0042_12.png,0,0,0,0
2018105.2148_32.png,0,0,0,0
2018103.1712_20.png,0,0,0,0
2018046.2018_02.png,0,0,0,0
2018110.0818_10.png,0,0,0,0
2018200.2206_32.png,0,0,0,0
2018108.0206_00.png,0,0,0,0
2018161.0224_01.png,0,0,0,0
2018254.2336_32.png,0,0,0,0
2018106.0618_32.png,0,0,0,0
2018130.1848_31.png,0,0,0,0
2018169.1224_21.png,0,0,0,0
2018040.1148_11.png,0,0,0,0
2018141.2030_22.png,0,0,0,0
2018044.1548_01.png,0,0,0,0
2018105.0806_20.png,0,0,0,0
2018072.2030_22.png,0,0,0,0
2018041.0312_32.png,0,0,0,0
2018103.2036_01.png,0,0,0,0
2018069.1606_32.png,0,0,0,0
2018110.1324_11.png,0,0,0,0
2018130.2230_11.png,0,0,0,0
2018079.0124_02.png,0,0,0,0
2018046.2200_20.png,0,0,0,0
2018219.0600_21.png,0,0,0,0
2018220.1042_01.png,0,0,0,0
2018082.1206_00.png,0,0,0,0
2018103.1718_22.png,0,0,0,0
2018141.0148_12.png,0,0,0,0
2018258.1718_00.png,0,0,0,0
2018219.1606_32.png,0,0,0,0
2018191.0118_20.png,0,0,0,0
2018054.0042_20.png,0,0,0,0
2018108.0354_32.png,0,0,0,0
2018042.1454_00.png,0,0,0,0
2018169.0118_20.png,0,0,0,0
2018198.1736_12.png,0,0,0,0
2018104.1354_21.png,0,0,0,0
2018054.1606_21.png,0,0,0,0
2018141.0154_10.png,0,0,0,0
2018109.1848_01.png,0,0,0,0
2018162.0200_22.png,0,0,0,0
2018102.0542_22.png,0,0,0,0
2018167.2354_10.png,0,0,0,0
2018015.1948_30.png,0,0,0,0
2018198.0554_20.png,0,0,0,0
2018248.2348_01.png,0,0,0,0
2018108.0212_32.png,0,0,0,0
2018040.1142_00.png,0,0,0,0
2018016.0230_31.png,0,0,0,0
2018281.0136_31.png,0,0,0,0
2018108.0030_02.png,0,0,0,0
2018081.0900_02.png,0,0,0,0
2018100.0624_30.png,0,0,0,0
2018169.1600_21.png,0,0,0,0
2018108.0348_11.png,0,0,0,0
2018014.0500_20.png,0,0,0,0
2018107.0554_00.png,0,0,0,0
2018106.0612_10.png,0,0,0,0
2018109.2030_01.png,0,0,0,0
2018108.0030_30.png,0,0,0,0
2018014.2000_01.png,0,0,0,0
2018133.1624_22.png,0,0,0,0
2018051.1142_22.png,0,0,0,0
2018105.2142_22.png,0,0,0,0
2018164.0500_02.png,0,0,0,0
2018141.0154_21.png,0,0,0,0
2018168.1524_02.png,0,0,0,0
2018083.0706_10.png,0,0,0,0
2018168.1530_10.png,0,0,0,0
2018142.0130_10.png,0,0,0,0
2018105.0948_31.png,0,0,0,0
2018018.1518_31.png,0,0,0,0
2018018.0354_21.png,0,0,0,0
2018256.0418_01.png,0,0,0,0
2018108.0030_01.png,0,0,0,0
2018102.0548_30.png,0,0,0,0
2018015.1948_02.png,0,0,0,0
2018101.0554_21.png,0,0,0,0
2018110.2012_22.png,0,0,0,0
2018282.1954_30.png,0,0,0,0
2018107.1930_00.png,0,0,0,0
2018137.1500_00.png,0,0,0,0
2018110.2012_32.png,0,0,0,0
2018017.1600_30.png,0,0,0,0
2018106.0754_20.png,0,0,0,0
2018017.0906_21.png,0,0,0,0
2018220.1042_00.png,0,0,0,0
2018025.1624_31.png,0,0,0,0
2018051.1318_21.png,0,0,0,0
2018169.1930_20.png,0,0,0,0
2018082.2212_11.png,0,0,0,0
2018043.2118_31.png,0,0,0,0
2018169.0448_10.png,0,0,0,0
2018169.0118_01.png,0,0,0,0
2018193.0030_10.png,0,0,0,0
2018281.0136_01.png,0,0,0,0
2018164.0454_21.png,0,0,0,0
2018079.0300_01.png,0,0,0,0
2018079.1824_20.png,0,0,0,0
2018023.1712_22.png,0,0,0,0
2018043.1236_02.png,0,0,0,0
2018077.0648_11.png,0,0,0,0
2018132.2318_01.png,0,0,0,0
2018019.1506_22.png,0,0,0,0
2018133.1624_30.png,0,0,0,0
2018104.0142_00.png,0,0,0,0
2018105.2148_11.png,0,0,0,0
2018110.1142_32.png,0,0,0,0
2018141.0012_01.png,0,0,0,0
2018102.0548_20.png,0,0,0,0
2018018.0354_31.png,0,0,0,0
2018014.2000_32.png,0,0,0,0
2018108.0036_32.png,0,0,0,0
2018082.1542_10.png,0,0,0,0
2018282.0754_01.png,0,0,0,0
2018043.1606_20.png,0,0,0,0
2018111.1118_01.png,0,0,0,0
2018104.2206_12.png,0,0,0,0
2018048.1606_21.png,0,0,0,0
2018106.0800_01.png,0,0,0,0
2018105.0624_00.png,0,0,0,0
2018072.1148_11.png,0,0,0,0
2018130.1854_01.png,0,0,0,0
2018108.1906_20.png,0,0,0,0
2018103.1712_21.png,0,0,0,0
2018101.2318_32.png,0,0,0,0
2018103.2042_20.png,0,0,0,0
2018044.1400_01.png,0,0,0,0
2018169.1230_12.png,0,0,0,0
2018198.0548_00.png,0,0,0,0
2018113.0224_00.png,0,0,0,0
2018107.1412_01.png,0,0,0,0
2018106.0124_01.png,0,0,0,0
2018101.0554_31.png,0,0,0,0
2018021.0300_10.png,0,0,0,0
2018101.0118_10.png,0,0,0,0
2018142.1518_00.png,0,0,0,0
2018051.0136_00.png,0,0,0,0
2018081.0854_31.png,0,0,0,0
2018200.0512_32.png,0,0,0,0
2018169.1600_00.png,0,0,0,0
2018044.1418_12.png,0,0,0,0
2018102.0548_32.png,0,0,0,0
2018142.0130_00.png,0,0,0,0
2018108.0030_00.png,0,0,0,0
2018107.1412_20.png,0,0,0,0
2018142.0130_21.png,0,0,0,0
2018282.1800_22.png,0,0,0,0
2018051.0136_02.png,0,0,0,0
2018246.2248_01.png,0,0,0,0
2018081.0530_02.png,0,0,0,0
2018282.0124_31.png,0,0,0,0
2018017.0900_10.png,0,0,0,0
2018108.0854_22.png,0,0,0,0
2018106.0618_22.png,0,0,0,0
2018100.0818_22.png,0,0,0,0
2018014.0300_12.png,0,0,0,0
2018082.2212_12.png,0,0,0,0
2018043.1236_12.png,0,0,0,0
2018054.1554_11.png,0,0,0,0
2018014.0506_30.png,0,0,0,0
2018043.1236_00.png,0,0,0,0
2018050.0354_31.png,0,0,0,0
2018081.0530_11.png,0,0,0,0
2018048.1600_11.png,0,0,0,0
2018169.2112_20.png,0,0,0,0
2018113.1918_30.png,0,0,0,0
2018162.0706_30.png,0,0,0,0
2018142.1642_01.png,0,0,0,0
2018044.2054_01.png,0,0,0,0
2018100.0818_20.png,0,0,0,0
2018104.0824_21.png,0,0,0,0
2018107.1412_11.png,0,0,0,0
2018141.1206_20.png,0,0,0,0
2018219.1100_32.png,0,0,0,0
2018258.1718_02.png,0,0,0,0
2018014.0306_01.png,0,0,0,0
2018082.1718_12.png,0,0,0,0
2018054.1436_01.png,0,0,0,0
2018141.2030_31.png,0,0,0,0
2018103.2036_10.png,0,0,0,0
2018161.0224_11.png,0,0,0,0
2018109.2024_21.png,0,0,0,0
2018014.0506_01.png,0,0,0,0
2018041.1648_01.png,0,0,0,0
2018077.2218_12.png,0,0,0,0
2018219.1600_10.png,0,0,0,0
2018137.1500_30.png,0,0,0,0
2018110.1324_12.png,0,0,0,0
2018106.0124_31.png,0,0,0,0
2018104.0830_32.png,0,0,0,0
2018105.0954_02.png,0,0,0,0
2018083.0706_32.png,0,0,0,0
2018082.1718_00.png,0,0,0,0
2018014.2006_31.png,0,0,0,0
2018107.0554_12.png,0,0,0,0
2018140.0030_02.png,0,0,0,0
2018054.1436_21.png,0,0,0,0
2018111.0112_12.png,0,0,0,0
2018102.0542_31.png,0,0,0,0
2018112.1242_11.png,0,0,0,0
2018246.2248_00.png,0,0,0,0
2018192.0418_01.png,0,0,0,0
2018162.0154_10.png,0,0,0,0
2018083.1024_11.png,0,0,0,0
2018043.1236_31.png,0,0,0,0
2018220.2048_01.png,0,0,0,0
2018141.1206_00.png,0,0,0,0
2018040.1142_21.png,0,0,0,0
2018110.2336_30.png,0,0,0,0
2018100.0624_10.png,0,0,0,0
2018014.2006_30.png,0,0,0,0
2018021.0300_21.png,0,0,0,0
2018256.0418_31.png,0,0,0,0
2018191.0118_01.png,0,0,0,0
2018169.0124_10.png,0,0,0,0
2018072.1142_32.png,0,0,0,0
2018024.0830_02.png,0,0,0,0
2018200.2212_20.png,0,0,0,0
2018111.0112_00.png,0,0,0,0
2018131.1518_21.png,0,0,0,0
2018168.1524_22.png,0,0,0,0
2018014.0306_31.png,0,0,0,0
2018044.1548_21.png,0,0,0,0
2018104.0654_20.png,0,0,0,0
2018141.0018_22.png,0,0,0,0
2018044.1554_01.png,0,0,0,0
2018041.0136_02.png,0,0,0,0
2018104.0142_21.png,0,0,0,0
2018044.0900_02.png,0,0,0,0
2018111.0942_12.png,0,0,0,0
2018167.1536_32.png,0,0,0,0
2018072.2024_21.png,0,0,0,0
2018219.1054_30.png,0,0,0,0
2018220.1042_20.png,0,0,0,0
2018040.1148_32.png,0,0,0,0
2018023.1712_02.png,0,0,0,0
2018043.2118_12.png,0,0,0,0
2018024.0836_11.png,0,0,0,0
2018040.2024_31.png,0,0,0,0
2018044.1400_10.png,0,0,0,0
2018132.2324_00.png,0,0,0,0
2018103.2042_11.png,0,0,0,0
2018101.2300_01.png,0,0,0,0
2018074.0112_10.png,0,0,0,0
2018193.0030_32.png,0,0,0,0
2018069.1600_01.png,0,0,0,0
2018025.1624_22.png,0,0,0,0
2018079.0300_12.png,0,0,0,0
2018218.2312_01.png,0,0,0,0
2018079.0118_30.png,0,0,0,0
2018044.1554_02.png,0,0,0,0
2018105.2142_02.png,0,0,0,0
2018041.0130_02.png,0,0,0,0
2018072.2024_00.png,0,0,0,0
2018044.1354_12.png,0,0,0,0
2018169.0630_20.png,0,0,0,0
2018141.0018_20.png,0,0,0,0
2018106.0248_20.png,0,0,0,0
2018100.0618_00.png,0,0,0,0
2018047.1454_00.png,0,0,0,0
2018140.0030_21.png,0,0,0,0
2018051.1136_32.png,0,0,0,0
2018131.1524_02.png,0,0,0,0
2018219.1600_21.png,0,0,0,0
2018162.0200_20.png,0,0,0,0
2018108.0348_20.png,0,0,0,0
2018101.2306_01.png,0,0,0,0
2018081.0536_02.png,0,0,0,0
2018081.0530_31.png,0,0,0,0
2018282.1948_11.png,0,0,0,0
2018282.0300_31.png,0,0,0,0
2018219.1600_12.png,0,0,0,0
2018072.1142_21.png,0,0,0,0
2018218.2318_30.png,0,0,0,0
2018104.1348_10.png,0,0,0,0
2018074.0300_12.png,0,0,0,0
2018108.0900_11.png,0,0,0,0
2018011.1224_31.png,0,0,0,0
2018077.2218_01.png,0,0,0,0
2018112.1106_31.png,0,0,0,0
2018108.0348_02.png,0,0,0,0
2018106.0800_30.png,0,0,0,0
2018142.1518_31.png,0,0,0,0
2018200.0648_20.png,0,0,0,0
2018133.1624_20.png,0,0,0,0
2018169.1230_11.png,0,0,0,0
2018044.0900_00.png,0,0,0,0
2018082.1724_02.png,0,0,0,0
2018104.0142_31.png,0,0,0,0
2018047.1500_11.png,0,0,0,0
2018044.1354_00.png,0,0,0,0
2018192.0424_00.png,0,0,0,0
2018079.0254_01.png,0,0,0,0
2018069.0812_30.png,0,0,0,0
2018164.0454_11.png,0,0,0,0
2018048.1606_12.png,0,0,0,0
2018169.1606_01.png,0,0,0,0
2018043.1230_02.png,0,0,0,0
2018047.1454_11.png,0,0,0,0
2018169.1930_21.png,0,0,0,0
2018043.1606_10.png,0,0,0,0
2018050.1336_10.png,0,0,0,0
2018169.1224_12.png,0,0,0,0
2018113.1730_32.png,0,0,0,0
2018101.2318_02.png,0,0,0,0
2018141.1200_30.png,0,0,0,0
2018142.1518_11.png,0,0,0,0
2018111.1124_31.png,0,0,0,0
2018104.2200_00.png,0,0,0,0
2018161.0030_30.png,0,0,0,0
2018111.1948_30.png,0,0,0,0
2018282.1800_30.png,0,0,0,0
2018023.1706_22.png,0,0,0,0
2018141.0012_12.png,0,0,0,0
2018044.1354_02.png,0,0,0,0
2018072.1142_30.png,0,0,0,0
2018112.0918_21.png,0,0,0,0
2018043.1606_00.png,0,0,0,0
2018254.2154_11.png,0,0,0,0
2018105.1448_31.png,0,0,0,0
2018054.0036_11.png,0,0,0,0
2018082.1200_32.png,0,0,0,0
2018054.1554_02.png,0,0,0,0
2018047.1500_21.png,0,0,0,0
2018193.0030_01.png,0,0,0,0
2018044.2054_11.png,0,0,0,0
2018169.1924_01.png,0,0,0,0
2018043.1230_10.png,0,0,0,0
2018017.0906_00.png,0,0,0,0
2018168.1530_32.png,0,0,0,0
2018072.2024_22.png,0,0,0,0
2018106.0618_11.png,0,0,0,0
2018108.0854_01.png,0,0,0,0
2018014.2000_20.png,0,0,0,0
2018142.1524_01.png,0,0,0,0
2018074.0254_02.png,0,0,0,0
2018044.1548_00.png,0,0,0,0
2018023.1712_32.png,0,0,0,0
2018113.1912_12.png,0,0,0,0
2018246.2248_12.png,0,0,0,0
2018113.1724_00.png,0,0,0,0
2018101.1612_22.png,0,0,0,0
2018113.0224_32.png,0,0,0,0
2018142.0130_31.png,0,0,0,0
2018164.0500_11.png,0,0,0,0
2018042.1454_02.png,0,0,0,0
2018130.2224_02.png,0,0,0,0
2018079.0118_12.png,0,0,0,0
2018106.0118_21.png,0,0,0,0
2018106.0118_31.png,0,0,0,0
2018082.2212_32.png,0,0,0,0
2018192.0418_20.png,0,0,0,0
2018142.1524_00.png,0,0,0,0
2018190.2154_01.png,0,0,0,0
2018082.2212_01.png,0,0,0,0
2018198.1736_31.png,0,0,0,0
2018023.1712_11.png,0,0,0,0
2018104.0142_01.png,0,0,0,0
2018253.1524_00.png,0,0,0,0
2018043.1612_12.png,0,0,0,0
2018105.0948_30.png,0,0,0,0
2018104.1848_10.png,0,0,0,0
2018113.0218_12.png,0,0,0,0
2018081.1042_30.png,0,0,0,0
2018169.0636_22.png,0,0,0,0
2018103.0200_01.png,0,0,0,0
2018131.1012_12.png,0,0,0,0
2018133.1630_31.png,0,0,0,0
2018169.1600_01.png,0,0,0,0
2018162.0700_02.png,0,0,0,0
2018282.0118_32.png,0,0,0,0
2018041.0136_00.png,0,0,0,0
2018054.1412_12.png,0,0,0,0
2018079.1824_31.png,0,0,0,0
2018082.2218_31.png,0,0,0,0
2018104.0654_22.png,0,0,0,0
2018142.0130_22.png,0,0,0,0
2018110.2012_12.png,0,0,0,0
2018040.1148_20.png,0,0,0,0
2018044.1418_30.png,0,0,0,0
2018103.0548_21.png,0,0,0,0
2018079.1824_01.png,0,0,0,0
2018081.0900_10.png,0,0,0,0
2018141.2030_21.png,0,0,0,0
2018168.1524_31.png,0,0,0,0
2018041.1306_20.png,0,0,0,0
2018169.0118_21.png,0,0,0,0
2018111.1948_00.png,0,0,0,0
2018190.2148_10.png,0,0,0,0
2018025.1454_22.png,0,0,0,0
2018051.1324_11.png,0,0,0,0
2018072.2030_10.png,0,0,0,0
2018219.1418_00.png,0,0,0,0
2018040.1142_01.png,0,0,0,0
2018191.0112_32.png,0,0,0,0
2018108.0854_20.png,0,0,0,0
2018081.0854_02.png,0,0,0,0
2018198.0554_02.png,0,0,0,0
2018014.0506_32.png,0,0,0,0
2018167.2348_01.png,0,0,0,0
2018141.0018_12.png,0,0,0,0
2018102.0036_02.png,0,0,0,0
2018106.0124_02.png,0,0,0,0
2018111.1124_00.png,0,0,0,0
2018103.0206_01.png,0,0,0,0
2018046.2200_30.png,0,0,0,0
2018040.2018_10.png,0,0,0,0
2018103.1712_12.png,0,0,0,0
2018200.0518_30.png,0,0,0,0
2018140.0218_31.png,0,0,0,0
2018105.0436_12.png,0,0,0,0
2018111.1954_21.png,0,0,0,0
2018021.0300_01.png,0,0,0,0
2018113.1730_12.png,0,0,0,0
2018140.0212_01.png,0,0,0,0
2018024.0830_22.png,0,0,0,0
2018110.2336_22.png,0,0,0,0
2018112.0924_10.png,0,0,0,0
2018109.2030_12.png,0,0,0,0
2018140.0030_00.png,0,0,0,0
2018054.1612_01.png,0,0,0,0
2018083.0706_01.png,0,0,0,0
2018044.0906_30.png,0,0,0,0
2018162.0700_22.png,0,0,0,0
2018014.0300_00.png,0,0,0,0
2018083.0706_30.png,0,0,0,0
2018101.1612_31.png,0,0,0,0
2018081.0536_12.png,0,0,0,0
2018168.0148_00.png,0,0,0,0
2018104.1354_20.png,0,0,0,0
2018141.0148_31.png,0,0,0,0
2018169.0118_31.png,0,0,0,0
2018104.1348_00.png,0,0,0,0
2018104.0830_02.png,0,0,0,0
2018130.2218_00.png,0,0,0,0
2018069.0812_21.png,0,0,0,0
2018248.2348_10.png,0,0,0,0
2018169.1930_22.png,0,0,0,0
2018107.0224_10.png,0,0,0,0
2018074.0254_32.png,0,0,0,0
2018220.0530_02.png,0,0,0,0
2018107.1924_12.png,0,0,0,0
2018105.0948_21.png,0,0,0,0
2018161.0224_20.png,0,0,0,0
2018169.1606_21.png,0,0,0,0
2018168.0142_32.png,0,0,0,0
2018106.0612_22.png,0,0,0,0
2018101.2300_31.png,0,0,0,0
2018069.1606_00.png,0,0,0,0
2018113.1730_21.png,0,0,0,0
2018018.1524_32.png,0,0,0,0
2018105.0630_32.png,0,0,0,0
2018220.1042_02.png,0,0,0,0
2018110.2336_31.png,0,0,0,0
2018101.0124_11.png,0,0,0,0
2018051.0136_30.png,0,0,0,0
2018248.2354_02.png,0,0,0,0
2018081.1042_02.png,0,0,0,0
2018141.2030_10.png,0,0,0,0
2018104.0654_11.png,0,0,0,0
2018025.1448_30.png,0,0,0,0
2018106.0800_21.png,0,0,0,0
2018044.1418_21.png,0,0,0,0
2018014.0306_00.png,0,0,0,0
2018113.1724_02.png,0,0,0,0
2018161.0030_10.png,0,0,0,0
2018081.0900_20.png,0,0,0,0
2018277.0424_02.png,0,0,0,0
2018044.0900_31.png,0,0,0,0
2018219.0600_32.png,0,0,0,0
2018074.0300_02.png,0,0,0,0
2018011.1224_01.png,0,0,0,0
2018105.1454_31.png,0,0,0,0
2018047.1454_21.png,0,0,0,0
2018108.0036_00.png,0,0,0,0
2018021.0300_32.png,0,0,0,0
2018044.1354_11.png,0,0,0,0
2018054.1412_21.png,0,0,0,0
2018253.1524_30.png,0,0,0,0
2018141.0018_01.png,0,0,0,0
2018108.0206_10.png,0,0,0,0
2018142.0136_20.png,0,0,0,0
2018282.0300_00.png,0,0,0,0
2018101.0118_32.png,0,0,0,0
2018104.0648_22.png,0,0,0,0
2018074.0300_01.png,0,0,0,0
2018106.0618_30.png,0,0,0,0
2018162.0706_20.png,0,0,0,0
2018077.0654_20.png,0,0,0,0
2018103.0542_22.png,0,0,0,0
2018107.1930_21.png,0,0,0,0
2018081.0900_22.png,0,0,0,0
2018110.2330_22.png,0,0,0,0
2018043.1230_01.png,0,0,0,0
2018167.2348_11.png,0,0,0,0
2018077.0648_22.png,0,0,0,0
2018108.1912_21.png,0,0,0,0
2018013.0836_21.png,0,0,0,0
2018083.0706_20.png,0,0,0,0
2018103.0548_32.png,0,0,0,0
2018051.2336_21.png,0,0,0,0
2018079.1818_22.png,0,0,0,0
2018018.1518_32.png,0,0,0,0
2018043.2112_10.png,0,0,0,0
2018104.0654_00.png,0,0,0,0
2018014.2006_20.png,0,0,0,0
2018131.0706_20.png,0,0,0,0
2018079.0124_22.png,0,0,0,0
2018046.2024_31.png,0,0,0,0
2018082.2218_11.png,0,0,0,0
2018042.1254_22.png,0,0,0,0
2018103.0024_30.png,0,0,0,0
2018015.1948_22.png,0,0,0,0
2018142.1642_02.png,0,0,0,0
2018131.1518_10.png,0,0,0,0
2018141.0148_30.png,0,0,0,0
2018192.0418_02.png,0,0,0,0
2018220.0536_10.png,0,0,0,0
2018081.0530_00.png,0,0,0,0
2018047.1500_31.png,0,0,0,0
2018111.1124_11.png,0,0,0,0
2018105.2142_01.png,0,0,0,0
2018131.1518_11.png,0,0,0,0
2018220.1048_02.png,0,0,0,0
2018011.1224_10.png,0,0,0,0
2018109.2030_22.png,0,0,0,0
2018048.1600_01.png,0,0,0,0
2018130.2224_32.png,0,0,0,0
2018110.2336_11.png,0,0,0,0
2018200.0148_30.png,0,0,0,0
2018079.1824_21.png,0,0,0,0
2018130.2218_10.png,0,0,0,0
2018054.1430_00.png,0,0,0,0
2018166.0048_20.png,0,0,0,0
2018040.1142_12.png,0,0,0,0
2018282.1754_11.png,0,0,0,0
2018108.0036_02.png,0,0,0,0
2018162.0700_01.png,0,0,0,0
2018198.1736_00.png,0,0,0,0
2018016.0236_01.png,0,0,0,0
2018169.0636_01.png,0,0,0,0
2018083.0700_02.png,0,0,0,0
2018107.1930_32.png,0,0,0,0
2018107.1412_12.png,0,0,0,0
2018051.2342_30.png,0,0,0,0
2018110.2154_30.png,0,0,0,0
2018219.1606_00.png,0,0,0,0
2018021.0254_32.png,0,0,0,0
2018254.2148_12.png,0,0,0,0
2018193.0030_20.png,0,0,0,0
2018282.0754_30.png,0,0,0,0
2018137.1454_20.png,0,0,0,0
2018025.1630_30.png,0,0,0,0
2018083.1018_32.png,0,0,0,0
2018082.1536_11.png,0,0,0,0
2018109.1848_30.png,0,0,0,0
2018082.1200_31.png,0,0,0,0
2018141.2030_32.png,0,0,0,0
2018198.0548_30.png,0,0,0,0
2018192.0424_22.png,0,0,0,0
2018102.0542_32.png,0,0,0,0
2018104.1348_20.png,0,0,0,0
2018200.0648_22.png,0,0,0,0
2018041.1312_01.png,0,0,0,0
2018110.1136_30.png,0,0,0,0
2018131.1518_32.png,0,0,0,0
2018101.2306_32.png,0,0,0,0
2018050.1336_11.png,0,0,0,0
2018104.1848_01.png,0,0,0,0
2018220.0712_00.png,0,0,0,0
2018101.0124_12.png,0,0,0,0
2018190.2148_20.png,0,0,0,0
2018041.2018_10.png,0,0,0,0
2018103.0542_02.png,0,0,0,0
2018258.1712_02.png,0,0,0,0
2018102.0548_11.png,0,0,0,0
2018161.0036_21.png,0,0,0,0
2018281.0136_11.png,0,0,0,0
2018069.0812_20.png,0,0,0,0
2018051.1136_01.png,0,0,0,0
2018169.0636_12.png,0,0,0,0
2018016.0236_32.png,0,0,0,0
2018101.0118_11.png,0,0,0,0
2018101.0600_00.png,0,0,0,0
2018107.1930_11.png,0,0,0,0
2018105.0624_30.png,0,0,0,0
2018140.0036_32.png,0,0,0,0
2018281.0142_12.png,0,0,0,0
2018137.1454_00.png,0,0,0,0
2018082.1542_30.png,0,0,0,0
2018161.0224_30.png,0,0,0,0
2018041.0130_00.png,0,0,0,0
2018113.1730_31.png,0,0,0,0
2018051.0142_30.png,0,0,0,0
2018112.1248_22.png,0,0,0,0
2018054.0042_02.png,0,0,0,0
2018082.1724_10.png,0,0,0,0
2018103.0200_32.png,0,0,0,0
2018219.1418_12.png,0,0,0,0
2018200.0512_10.png,0,0,0,0
2018040.2024_00.png,0,0,0,0
2018169.2112_30.png,0,0,0,0
2018169.0630_31.png,0,0,0,0
2018077.2218_31.png,0,0,0,0
2018162.0706_31.png,0,0,0,0
2018044.2054_31.png,0,0,0,0
2018048.1606_31.png,0,0,0,0
2018044.1418_31.png,0,0,0,0
2018113.0218_30.png,0,0,0,0
2018142.0130_30.png,0,0,0,0
2018167.1536_12.png,0,0,0,0
2018051.2342_32.png,0,0,0,0
2018103.0200_22.png,0,0,0,0
2018042.1448_12.png,0,0,0,0
2018077.2218_02.png,0,0,0,0
2018130.2224_11.png,0,0,0,0
2018024.0836_02.png,0,0,0,0
2018108.0854_31.png,0,0,0,0
2018054.0042_31.png,0,0,0,0
2018069.1606_11.png,0,0,0,0
2018219.1424_32.png,0,0,0,0
2018109.1848_11.png,0,0,0,0
2018141.2030_30.png,0,0,0,0
2018141.0018_30.png,0,0,0,0
2018281.0142_32.png,0,0,0,0
2018082.2212_00.png,0,0,0,0
2018111.0118_12.png,0,0,0,0
2018042.1254_11.png,0,0,0,0
2018219.1606_30.png,0,0,0,0
2018043.2112_00.png,0,0,0,0
2018042.1454_10.png,0,0,0,0
2018130.0024_00.png,0,0,0,0
2018074.0300_10.png,0,0,0,0
2018082.2218_20.png,0,0,0,0
2018161.0224_21.png,0,0,0,0
2018220.0530_21.png,0,0,0,0
2018142.1648_21.png,0,0,0,0
2018077.2218_11.png,0,0,0,0
2018041.0136_31.png,0,0,0,0
2018258.1712_32.png,0,0,0,0
2018167.1530_31.png,0,0,0,0
2018046.2024_02.png,0,0,0,0
2018021.0300_00.png,0,0,0,0
2018051.0142_00.png,0,0,0,0
2018044.1418_10.png,0,0,0,0
2018111.1954_11.png,0,0,0,0
2018113.0224_31.png,0,0,0,0
2018130.2230_10.png,0,0,0,0
2018103.2036_00.png,0,0,0,0
2018069.0818_22.png,0,0,0,0
2018100.0618_30.png,0,0,0,0
2018161.0218_30.png,0,0,0,0
2018132.2318_22.png,0,0,0,0
2018220.0712_20.png,0,0,0,0
2018108.1912_22.png,0,0,0,0
2018042.1448_10.png,0,0,0,0
2018105.2148_00.png,0,0,0,0
2018016.0236_22.png,0,0,0,0
2018054.1606_32.png,0,0,0,0
2018112.1100_10.png,0,0,0,0
2018103.2036_21.png,0,0,0,0
2018140.0036_31.png,0,0,0,0
2018048.1600_20.png,0,0,0,0
2018051.1142_01.png,0,0,0,0
2018248.2348_32.png,0,0,0,0
2018079.0118_10.png,0,0,0,0
2018074.0112_01.png,0,0,0,0
2018072.2030_30.png,0,0,0,0
2018110.2336_01.png,0,0,0,0
2018169.0442_12.png,0,0,0,0
2018043.1230_11.png,0,0,0,0
2018017.0900_00.png,0,0,0,0
2018105.0948_32.png,0,0,0,0
2018054.1406_32.png,0,0,0,0
2018169.0636_31.png,0,0,0,0
2018220.0530_32.png,0,0,0,0
2018218.2318_31.png,0,0,0,0
2018104.0654_32.png,0,0,0,0
2018110.2330_02.png,0,0,0,0
2018018.0348_10.png,0,0,0,0
2018254.2154_02.png,0,0,0,0
2018169.0442_31.png,0,0,0,0
2018023.1712_20.png,0,0,0,0
2018109.2030_11.png,0,0,0,0
2018200.0654_32.png,0,0,0,0
2018081.0854_20.png,0,0,0,0
2018040.2018_22.png,0,0,0,0
2018048.1600_21.png,0,0,0,0
2018051.1318_12.png,0,0,0,0
2018169.2106_22.png,0,0,0,0
2018166.0048_30.png,0,0,0,0
2018169.2112_01.png,0,0,0,0
2018169.0448_30.png,0,0,0,0
2018282.1754_21.png,0,0,0,0
2018162.0200_00.png,0,0,0,0
2018169.1606_31.png,0,0,0,0
2018112.1106_30.png,0,0,0,0
2018050.1342_00.png,0,0,0,0
2018110.0818_22.png,0,0,0,0
2018016.0230_20.png,0,0,0,0
2018161.0030_22.png,0,0,0,0
2018102.0042_00.png,0,0,0,0
2018140.0218_30.png,0,0,0,0
2018041.1312_20.png,0,0,0,0
2018082.2218_30.png,0,0,0,0
2018112.1936_12.png,0,0,0,0
2018017.0900_12.png,0,0,0,0
2018162.0200_21.png,0,0,0,0
2018079.1824_11.png,0,0,0,0
2018106.0612_11.png,0,0,0,0
2018106.0242_22.png,0,0,0,0
2018015.1954_20.png,0,0,0,0
2018050.0400_21.png,0,0,0,0
2018017.1606_10.png,0,0,0,0
2018082.1206_02.png,0,0,0,0
2018102.0542_10.png,0,0,0,0
2018281.0142_30.png,0,0,0,0
2018112.1936_10.png,0,0,0,0
2018133.1630_10.png,0,0,0,0
2018107.1930_30.png,0,0,0,0
2018081.1036_00.png,0,0,0,0
2018017.1606_12.png,0,0,0,0
2018169.0442_30.png,0,0,0,0
2018164.0500_22.png,0,0,0,0
2018103.0018_31.png,0,0,0,0
2018102.0542_20.png,0,0,0,0
2018044.1418_01.png,0,0,0,0
2018200.0148_01.png,0,0,0,0
2018105.0806_00.png,0,0,0,0
2018164.0500_21.png,0,0,0,0
2018046.2154_01.png,0,0,0,0
2018110.1318_01.png,0,0,0,0
2018130.2230_01.png,0,0,0,0
2018072.2024_11.png,0,0,0,0
2018046.2200_10.png,0,0,0,0
2018111.0942_11.png,0,0,0,0
2018074.0254_00.png,0,0,0,0
2018220.0530_22.png,0,0,0,0
2018258.1718_32.png,0,0,0,0
2018043.1236_32.png,0,0,0,0
2018220.0712_30.png,0,0,0,0
2018069.1606_10.png,0,0,0,0
2018110.1318_31.png,0,0,0,0
2018112.0918_11.png,0,0,0,0
2018191.0118_02.png,0,0,0,0
2018101.2306_21.png,0,0,0,0
2018106.0754_12.png,0,0,0,0
2018131.0706_22.png,0,0,0,0
2018254.2330_00.png,0,0,0,0
2018014.0300_32.png,0,0,0,0
2018018.0348_31.png,0,0,0,0
2018113.0218_01.png,0,0,0,0
2018103.2036_02.png,0,0,0,0
2018220.1042_31.png,0,0,0,0
2018162.0200_30.png,0,0,0,0
2018018.0348_01.png,0,0,0,0
2018167.1536_31.png,0,0,0,0
2018107.0230_31.png,0,0,0,0
2018042.1448_32.png,0,0,0,0
2018101.1618_32.png,0,0,0,0
2018103.0542_10.png,0,0,0,0
2018041.1648_32.png,0,0,0,0
2018107.0548_32.png,0,0,0,0
2018041.0136_30.png,0,0,0,0
2018112.1106_21.png,0,0,0,0
2018051.0136_22.png,0,0,0,0
2018103.1718_00.png,0,0,0,0
2018111.0948_10.png,0,0,0,0
2018081.1042_31.png,0,0,0,0
2018130.0018_22.png,0,0,0,0
2018103.2036_12.png,0,0,0,0
2018051.1142_12.png,0,0,0,0
2018082.1206_21.png,0,0,0,0
2018011.1230_00.png,0,0,0,0
2018069.0812_31.png,0,0,0,0
2018105.2148_02.png,0,0,0,0
2018141.0154_01.png,0,0,0,0
2018082.2218_00.png,0,0,0,0
2018100.0824_01.png,0,0,0,0
2018130.0018_32.png,0,0,0,0
2018167.2354_30.png,0,0,0,0
2018110.2148_20.png,0,0,0,0
2018105.2142_10.png,0,0,0,0
2018198.0554_12.png,0,0,0,0
2018107.1418_32.png,0,0,0,0
2018017.0906_20.png,0,0,0,0
2018081.0854_32.png,0,0,0,0
2018200.0518_32.png,0,0,0,0
2018132.2324_02.png,0,0,0,0
2018107.0554_22.png,0,0,0,0
2018142.0136_11.png,0,0,0,0
2018014.2000_00.png,0,0,0,0
2018044.2048_20.png,0,0,0,0
2018043.1612_01.png,0,0,0,0
2018109.2024_12.png,0,0,0,0
2018108.1906_30.png,0,0,0,0
2018072.2030_02.png,0,0,0,0
2018021.0254_12.png,0,0,0,0
2018069.1600_11.png,0,0,0,0
2018023.1024_11.png,0,0,0,0
2018104.2200_22.png,0,0,0,0
2018256.0418_22.png,0,0,0,0
2018110.1324_20.png,0,0,0,0
2018112.0924_11.png,0,0,0,0
2018104.0824_22.png,0,0,0,0
2018051.0136_32.png,0,0,0,0
2018164.0454_22.png,0,0,0,0
2018108.0206_11.png,0,0,0,0
2018108.0212_12.png,0,0,0,0
2018017.1606_21.png,0,0,0,0
2018130.1854_10.png,0,0,0,0
2018104.1354_22.png,0,0,0,0
2018051.1324_02.png,0,0,0,0
2018100.0818_02.png,0,0,0,0
2018108.0212_30.png,0,0,0,0
2018046.2154_31.png,0,0,0,0
2018104.0148_32.png,0,0,0,0
2018190.2154_20.png,0,0,0,0
2018019.1500_31.png,0,0,0,0
2018169.1600_12.png,0,0,0,0
2018082.1200_01.png,0,0,0,0
2018083.1024_30.png,0,0,0,0
2018042.1248_01.png,0,0,0,0
2018130.1848_21.png,0,0,0,0
2018111.1954_22.png,0,0,0,0
2018142.0136_12.png,0,0,0,0
2018101.0554_20.png,0,0,0,0
2018069.1606_30.png,0,0,0,0
2018200.0648_21.png,0,0,0,0
2018072.2024_31.png,0,0,0,0
2018054.1436_20.png,0,0,0,0
2018106.0248_31.png,0,0,0,0
2018256.0418_20.png,0,0,0,0
2018110.2336_20.png,0,0,0,0
2018130.1848_20.png,0,0,0,0
2018083.1018_11.png,0,0,0,0
2018110.2154_22.png,0,0,0,0
2018108.0348_22.png,0,0,0,0
2018256.0424_01.png,0,0,0,0
2018040.2018_12.png,0,0,0,0
2018141.0012_02.png,0,0,0,0
2018200.2212_02.png,0,0,0,0
2018105.0624_21.png,0,0,0,0
2018219.1418_01.png,0,0,0,0
2018220.0712_11.png,0,0,0,0
2018133.1630_01.png,0,0,0,0
2018100.0818_30.png,0,0,0,0
2018044.1554_11.png,0,0,0,0
2018168.1524_00.png,0,0,0,0
2018169.0448_22.png,0,0,0,0
2018104.0648_01.png,0,0,0,0
2018282.0754_02.png,0,0,0,0
2018105.1454_01.png,0,0,0,0
2018046.2024_21.png,0,0,0,0
2018072.2030_01.png,0,0,0,0
2018130.0018_11.png,0,0,0,0
2018167.2354_21.png,0,0,0,0
2018111.0948_12.png,0,0,0,0
2018016.0230_32.png,0,0,0,0
2018106.0800_10.png,0,0,0,0
2018044.1400_22.png,0,0,0,0
2018041.2012_30.png,0,0,0,0
2018111.1124_21.png,0,0,0,0
2018142.1642_22.png,0,0,0,0
2018040.1148_31.png,0,0,0,0
2018141.0148_22.png,0,0,0,0
2018043.2118_00.png,0,0,0,0
2018046.2018_32.png,0,0,0,0
2018044.1554_10.png,0,0,0,0
2018104.1348_12.png,0,0,0,0
2018014.2000_12.png,0,0,0,0
2018108.1912_01.png,0,0,0,0
2018103.0542_32.png,0,0,0,0
2018104.1848_21.png,0,0,0,0
2018105.0954_31.png,0,0,0,0
2018113.1724_32.png,0,0,0,0
2018041.2012_02.png,0,0,0,0
2018101.1612_01.png,0,0,0,0
2018113.1730_10.png,0,0,0,0
2018106.0124_10.png,0,0,0,0
2018105.0812_10.png,0,0,0,0
2018110.1318_20.png,0,0,0,0
2018044.1354_32.png,0,0,0,0
2018164.0500_31.png,0,0,0,0
2018054.1406_10.png,0,0,0,0
2018141.2024_20.png,0,0,0,0
2018100.0824_30.png,0,0,0,0
2018110.1324_10.png,0,0,0,0
2018111.1118_11.png,0,0,0,0
