epoch,lr,step,time,train_acc_epoch,train_acc_step,train_loss,valid_acc_epoch,valid_acc_step,valid_loss
0,,49,,,0.11865234375,3.637824058532715,,,
0,,99,,,0.1796875,3.160602331161499,,,
,,0,,,,,,0.1865234375,
,,1,,,,,,0.2021484375,
,,2,,,,,,0.201171875,
,,3,,,,,,0.169921875,
,,4,,,,,,0.16943359375,
,,5,,,,,,0.1875,
,,6,,,,,,0.19140625,
,,7,,,,,,0.1982421875,
,,8,,,,,,0.1943359375,
,,9,,,,,,0.1796875,
,,10,,,,,,0.18603515625,
,,11,,,,,,0.1846153885126114,
0,,104,,,,,0.1883600503206253,,3.1391475200653076
0,0.0010000000474974513,104,13.3785400390625,0.13211433589458466,,,,,
1,,149,,,0.26806640625,2.693783760070801,,,
1,,199,,,0.3037109375,2.354351043701172,,,
,,12,,,,,,0.32080078125,
,,13,,,,,,0.32470703125,
,,14,,,,,,0.30419921875,
,,15,,,,,,0.3056640625,
,,16,,,,,,0.314453125,
,,17,,,,,,0.3154296875,
,,18,,,,,,0.3232421875,
,,19,,,,,,0.27734375,
,,20,,,,,,0.34814453125,
,,21,,,,,,0.30419921875,
,,22,,,,,,0.33642578125,
,,23,,,,,,0.31497976183891296,
1,,209,,,,,0.32226571440696716,,2.340480089187622
1,0.0010000000474974513,209,24.32247543334961,0.25895196199417114,,,,,
2,,249,,,0.2958984375,2.295823812484741,,,
2,,299,,,0.3369140625,2.2012710571289062,,,
,,24,,,,,,0.34326171875,
,,25,,,,,,0.3466796875,
,,26,,,,,,0.34423828125,
,,27,,,,,,0.330078125,
,,28,,,,,,0.35009765625,
,,29,,,,,,0.3701171875,
,,30,,,,,,0.33154296875,
,,31,,,,,,0.34716796875,
,,32,,,,,,0.3779296875,
,,33,,,,,,0.35986328125,
,,34,,,,,,0.36474609375,
,,35,,,,,,0.3303643763065338,
2,,314,,,,,0.35407987236976624,,2.1546924114227295
2,0.0010000000474974513,314,34.844688415527344,0.32630783319473267,,,,,
3,,349,,,0.36083984375,2.113131523132324,,,
3,,399,,,0.341796875,2.1295523643493652,,,
,,36,,,,,,0.349609375,
,,37,,,,,,0.3671875,
,,38,,,,,,0.37744140625,
,,39,,,,,,0.34716796875,
,,40,,,,,,0.36474609375,
,,41,,,,,,0.35595703125,
,,42,,,,,,0.33642578125,
,,43,,,,,,0.361328125,
,,44,,,,,,0.3779296875,
,,45,,,,,,0.35302734375,
,,46,,,,,,0.37841796875,
,,47,,,,,,0.3627530336380005,
3,,419,,,,,0.3650002181529999,,2.024632453918457
3,0.0010000000474974513,419,45.05929183959961,0.3543350100517273,,,,,
4,,449,,,0.36083984375,2.048743486404419,,,
4,,499,,,0.369140625,2.006661891937256,,,
,,48,,,,,,0.3662109375,
,,49,,,,,,0.36962890625,
,,50,,,,,,0.369140625,
,,51,,,,,,0.37890625,
,,52,,,,,,0.37255859375,
,,53,,,,,,0.35986328125,
,,54,,,,,,0.3671875,
,,55,,,,,,0.37255859375,
,,56,,,,,,0.40185546875,
,,57,,,,,,0.365234375,
,,58,,,,,,0.376953125,
,,59,,,,,,0.3668016195297241,
4,,524,,,,,0.3733745813369751,,1.9801385402679443
4,0.0010000000474974513,524,55.05961990356445,0.36483699083328247,,,,,
5,,549,,,0.37158203125,1.9552545547485352,,,
5,,599,,,0.37109375,1.9869952201843262,,,
,,60,,,,,,0.3740234375,
,,61,,,,,,0.36767578125,
,,62,,,,,,0.369140625,
,,63,,,,,,0.3662109375,
,,64,,,,,,0.38623046875,
,,65,,,,,,0.37451171875,
,,66,,,,,,0.38525390625,
,,67,,,,,,0.3701171875,
,,68,,,,,,0.3896484375,
,,69,,,,,,0.36572265625,
,,70,,,,,,0.376953125,
,,71,,,,,,0.3619433343410492,
5,,629,,,,,0.37711989879608154,,1.9519089460372925
5,0.0010000000474974513,629,65.63772583007812,0.36933985352516174,,,,,
6,,649,,,0.392578125,1.9279423952102661,,,
6,,699,,,0.38720703125,1.9683756828308105,,,
,,72,,,,,,0.37109375,
,,73,,,,,,0.3681640625,
,,74,,,,,,0.38916015625,
,,75,,,,,,0.37060546875,
,,76,,,,,,0.37353515625,
,,77,,,,,,0.3681640625,
,,78,,,,,,0.369140625,
,,79,,,,,,0.37646484375,
,,80,,,,,,0.40625,
,,81,,,,,,0.376953125,
,,82,,,,,,0.38916015625,
,,83,,,,,,0.3692307770252228,
6,,734,,,,,0.3806968927383423,,1.9276498556137085
6,0.0010000000474974513,734,75.7808837890625,0.3739151954650879,,,,,
7,,749,,,0.38134765625,1.935584545135498,,,
7,,799,,,0.3779296875,1.9359391927719116,,,
,,84,,,,,,0.380859375,
,,85,,,,,,0.38232421875,
,,86,,,,,,0.38330078125,
,,87,,,,,,0.35986328125,
,,88,,,,,,0.3701171875,
,,89,,,,,,0.3935546875,
,,90,,,,,,0.3955078125,
,,91,,,,,,0.3857421875,
,,92,,,,,,0.40087890625,
,,93,,,,,,0.3720703125,
,,94,,,,,,0.39501953125,
,,95,,,,,,0.37651821970939636,
7,,839,,,,,0.3833901584148407,,1.91298508644104
7,0.0010000000474974513,839,86.02118682861328,0.3779832124710083,,,,,
8,,849,,,0.35693359375,1.9925531148910522,,,
8,,899,,,0.39208984375,1.9562829732894897,,,
,,96,,,,,,0.3955078125,
,,97,,,,,,0.37548828125,
,,98,,,,,,0.38134765625,
,,99,,,,,,0.37353515625,
,,100,,,,,,0.38525390625,
,,101,,,,,,0.39306640625,
,,102,,,,,,0.400390625,
,,103,,,,,,0.392578125,
,,104,,,,,,0.41357421875,
,,105,,,,,,0.400390625,
,,106,,,,,,0.4013671875,
,,107,,,,,,0.3732793629169464,
8,,944,,,,,0.39260613918304443,,1.889125108718872
8,0.0010000000474974513,944,96.43863677978516,0.38409456610679626,,,,,
9,,949,,,0.39453125,1.885414481163025,,,
9,,999,,,0.400390625,1.856162190437317,,,
9,,1049,,,0.427752286195755,1.882947325706482,,,
,,108,,,,,,0.41064453125,
,,109,,,,,,0.38427734375,
,,110,,,,,,0.39794921875,
,,111,,,,,,0.38232421875,
,,112,,,,,,0.40087890625,
,,113,,,,,,0.40771484375,
,,114,,,,,,0.41064453125,
,,115,,,,,,0.39990234375,
,,116,,,,,,0.427734375,
,,117,,,,,,0.40673828125,
,,118,,,,,,0.41259765625,
,,119,,,,,,0.40728744864463806,
9,,1049,,,,,0.4065353572368622,,1.854665756225586
9,0.0010000000474974513,1049,106.58248901367188,0.3925532102584839,,,,,
10,,1099,,,0.3896484375,1.9347429275512695,,,
10,,1149,,,0.39990234375,1.886604905128479,,,
,,120,,,,,,0.41748046875,
,,121,,,,,,0.41162109375,
,,122,,,,,,0.41796875,
,,123,,,,,,0.39404296875,
,,124,,,,,,0.41064453125,
,,125,,,,,,0.41064453125,
,,126,,,,,,0.42822265625,
,,127,,,,,,0.40771484375,
,,128,,,,,,0.43994140625,
,,129,,,,,,0.4169921875,
,,130,,,,,,0.4306640625,
,,131,,,,,,0.40080970525741577,
10,,1154,,,,,0.4174136221408844,,1.8154042959213257
10,0.0010000000474974513,1154,116.87638092041016,0.4052388370037079,,,,,
11,,1199,,,0.40283203125,1.8970402479171753,,,
11,,1249,,,0.3857421875,1.8883723020553589,,,
,,132,,,,,,0.42529296875,
,,133,,,,,,0.42822265625,
,,134,,,,,,0.421875,
,,135,,,,,,0.38623046875,
,,136,,,,,,0.41064453125,
,,137,,,,,,0.43896484375,
,,138,,,,,,0.43505859375,
,,139,,,,,,0.412109375,
,,140,,,,,,0.4501953125,
,,141,,,,,,0.41845703125,
,,142,,,,,,0.439453125,
,,143,,,,,,0.410526305437088,
11,,1259,,,,,0.4224635064601898,,1.797871470451355
11,0.0010000000474974513,1259,126.65045166015625,0.4141814410686493,,,,,
12,,1299,,,0.42822265625,1.804292917251587,,,
12,,1349,,,0.419921875,1.8383406400680542,,,
,,144,,,,,,0.4462890625,
,,145,,,,,,0.42626953125,
,,146,,,,,,0.419921875,
,,147,,,,,,0.40625,
,,148,,,,,,0.41455078125,
,,149,,,,,,0.42626953125,
,,150,,,,,,0.41845703125,
,,151,,,,,,0.4140625,
,,152,,,,,,0.4501953125,
,,153,,,,,,0.43701171875,
,,154,,,,,,0.4482421875,
,,155,,,,,,0.40242916345596313,
12,,1364,,,,,0.4272608757019043,,1.7802762985229492
12,0.0010000000474974513,1364,136.54440307617188,0.41885262727737427,,,,,
13,,1399,,,0.427734375,1.7451509237289429,,,
13,,1449,,,0.44384765625,1.7809470891952515,,,
,,156,,,,,,0.42919921875,
,,157,,,,,,0.4208984375,
,,158,,,,,,0.421875,
,,159,,,,,,0.40283203125,
,,160,,,,,,0.42236328125,
,,161,,,,,,0.43603515625,
,,162,,,,,,0.43994140625,
,,163,,,,,,0.4228515625,
,,164,,,,,,0.4521484375,
,,165,,,,,,0.44189453125,
,,166,,,,,,0.45556640625,
,,167,,,,,,0.40242916345596313,
13,,1469,,,,,0.428628534078598,,1.757259488105774
13,0.0010000000474974513,1469,146.76318359375,0.42426496744155884,,,,,
14,,1499,,,0.42724609375,1.7658896446228027,,,
14,,1549,,,0.43359375,1.7461036443710327,,,
,,168,,,,,,0.4404296875,
,,169,,,,,,0.4453125,
,,170,,,,,,0.41357421875,
,,171,,,,,,0.4072265625,
,,172,,,,,,0.41455078125,
,,173,,,,,,0.43017578125,
,,174,,,,,,0.4384765625,
,,175,,,,,,0.4130859375,
,,176,,,,,,0.47119140625,
,,177,,,,,,0.4296875,
,,178,,,,,,0.45849609375,
,,179,,,,,,0.40890687704086304,
14,,1574,,,,,0.4342675507068634,,1.7511223554611206
14,0.0010000000474974513,1574,157.22262573242188,0.4287888705730438,,,,,
15,,1599,,,0.4296875,1.7477740049362183,,,
15,,1649,,,0.44580078125,1.7749619483947754,,,
,,180,,,,,,0.42431640625,
,,181,,,,,,0.4384765625,
,,182,,,,,,0.41259765625,
,,183,,,,,,0.4091796875,
,,184,,,,,,0.43701171875,
,,185,,,,,,0.431640625,
,,186,,,,,,0.43359375,
,,187,,,,,,0.43505859375,
,,188,,,,,,0.46435546875,
,,189,,,,,,0.4443359375,
,,190,,,,,,0.4501953125,
,,191,,,,,,0.4121457636356354,
15,,1679,,,,,0.43866515159606934,,1.729221224784851
15,0.0010000000474974513,1679,167.5040283203125,0.43240565061569214,,,,,
16,,1699,,,0.439453125,1.7951213121414185,,,
16,,1749,,,0.416015625,1.7611583471298218,,,
,,192,,,,,,0.4326171875,
,,193,,,,,,0.44384765625,
,,194,,,,,,0.4267578125,
,,195,,,,,,0.40380859375,
,,196,,,,,,0.427734375,
,,197,,,,,,0.4384765625,
,,198,,,,,,0.443359375,
,,199,,,,,,0.43798828125,
,,200,,,,,,0.48095703125,
,,201,,,,,,0.44140625,
,,202,,,,,,0.45361328125,
,,203,,,,,,0.4234817922115326,
16,,1784,,,,,0.4403063654899597,,1.7204161882400513
16,0.0010000000474974513,1784,177.88941955566406,0.43607619404792786,,,,,
17,,1799,,,0.427734375,1.738729476928711,,,
17,,1849,,,0.4501953125,1.6900415420532227,,,
,,204,,,,,,0.45849609375,
,,205,,,,,,0.44921875,
,,206,,,,,,0.423828125,
,,207,,,,,,0.41748046875,
,,208,,,,,,0.44287109375,
,,209,,,,,,0.4345703125,
,,210,,,,,,0.4609375,
,,211,,,,,,0.43701171875,
,,212,,,,,,0.486328125,
,,213,,,,,,0.451171875,
,,214,,,,,,0.470703125,
,,215,,,,,,0.42510122060775757,
17,,1889,,,,,0.44716575741767883,,1.7116724252700806
17,0.0010000000474974513,1889,188.03797912597656,0.4396485686302185,,,,,
18,,1899,,,0.47216796875,1.6281230449676514,,,
18,,1949,,,0.4501953125,1.6789125204086304,,,
,,216,,,,,,0.43994140625,
,,217,,,,,,0.43896484375,
,,218,,,,,,0.42529296875,
,,219,,,,,,0.419921875,
,,220,,,,,,0.435546875,
,,221,,,,,,0.42724609375,
,,222,,,,,,0.4375,
,,223,,,,,,0.43798828125,
,,224,,,,,,0.478515625,
,,225,,,,,,0.455078125,
,,226,,,,,,0.4658203125,
,,227,,,,,,0.4291498064994812,
18,,1994,,,,,0.44371500611305237,,1.7076753377914429
18,0.0010000000474974513,1994,198.2529296875,0.44224366545677185,,,,,
19,,1999,,,0.42919921875,1.7369539737701416,,,
19,,2049,,,0.4443359375,1.7195158004760742,,,
19,,2099,,,0.47133028507232666,1.7434548139572144,,,
,,228,,,,,,0.4306640625,
,,229,,,,,,0.4384765625,
,,230,,,,,,0.4296875,
,,231,,,,,,0.4345703125,
,,232,,,,,,0.45849609375,
,,233,,,,,,0.44091796875,
,,234,,,,,,0.46630859375,
,,235,,,,,,0.44482421875,
,,236,,,,,,0.4765625,
,,237,,,,,,0.45263671875,
,,238,,,,,,0.48046875,
,,239,,,,,,0.42510122060775757,
19,,2099,,,,,0.4508269131183624,,1.6890846490859985
19,0.0010000000474974513,2099,208.45050048828125,0.44429171085357666,,,,,
20,,2149,,,0.44140625,1.714857816696167,,,
20,,2199,,,0.451171875,1.7006545066833496,,,
,,240,,,,,,0.42626953125,
,,241,,,,,,0.443359375,
,,242,,,,,,0.4345703125,
,,243,,,,,,0.42529296875,
,,244,,,,,,0.4462890625,
,,245,,,,,,0.453125,
,,246,,,,,,0.45458984375,
,,247,,,,,,0.45556640625,
,,248,,,,,,0.4814453125,
,,249,,,,,,0.45166015625,
,,250,,,,,,0.4677734375,
,,251,,,,,,0.4364372491836548,
20,,2204,,,,,0.4519631266593933,,1.6784276962280273
20,0.0010000000474974513,2204,218.59701538085938,0.44763728976249695,,,,,
21,,2249,,,0.4560546875,1.7079421281814575,,,
21,,2299,,,0.45849609375,1.7179899215698242,,,
,,252,,,,,,0.44140625,
,,253,,,,,,0.45068359375,
,,254,,,,,,0.439453125,
,,255,,,,,,0.42431640625,
,,256,,,,,,0.451171875,
,,257,,,,,,0.44921875,
,,258,,,,,,0.4619140625,
,,259,,,,,,0.451171875,
,,260,,,,,,0.482421875,
,,261,,,,,,0.44140625,
,,262,,,,,,0.4765625,
,,263,,,,,,0.43400809168815613,
21,,2309,,,,,0.45318353176116943,,1.6776564121246338
21,0.0010000000474974513,2309,228.79397583007812,0.4492972195148468,,,,,
22,,2349,,,0.47900390625,1.6550943851470947,,,
22,,2399,,,0.466796875,1.6597503423690796,,,
,,264,,,,,,0.45166015625,
,,265,,,,,,0.44287109375,
,,266,,,,,,0.43212890625,
,,267,,,,,,0.43798828125,
,,268,,,,,,0.45458984375,
,,269,,,,,,0.44482421875,
,,270,,,,,,0.455078125,
,,271,,,,,,0.4482421875,
,,272,,,,,,0.47998046875,
,,273,,,,,,0.4541015625,
,,274,,,,,,0.482421875,
,,275,,,,,,0.44453442096710205,
22,,2414,,,,,0.45556116104125977,,1.6572771072387695
22,0.0010000000474974513,2414,238.9923095703125,0.4518151581287384,,,,,
23,,2449,,,0.44921875,1.7190457582473755,,,
23,,2499,,,0.4521484375,1.6803953647613525,,,
,,276,,,,,,0.44384765625,
,,277,,,,,,0.44775390625,
,,278,,,,,,0.42236328125,
,,279,,,,,,0.4453125,
,,280,,,,,,0.4619140625,
,,281,,,,,,0.44873046875,
,,282,,,,,,0.462890625,
,,283,,,,,,0.44140625,
,,284,,,,,,0.48486328125,
,,285,,,,,,0.46142578125,
,,286,,,,,,0.4912109375,
,,287,,,,,,0.44372469186782837,
23,,2519,,,,,0.45857003331184387,,1.655350685119629
23,0.0010000000474974513,2519,249.2353973388672,0.45366212725639343,,,,,
24,,2549,,,0.44140625,1.6686956882476807,,,
24,,2599,,,0.4423828125,1.679080843925476,,,
,,288,,,,,,0.44677734375,
,,289,,,,,,0.45068359375,
,,290,,,,,,0.42822265625,
,,291,,,,,,0.4365234375,
,,292,,,,,,0.46484375,
,,293,,,,,,0.45947265625,
,,294,,,,,,0.46875,
,,295,,,,,,0.45263671875,
,,296,,,,,,0.48486328125,
,,297,,,,,,0.45458984375,
,,298,,,,,,0.47998046875,
,,299,,,,,,0.449392706155777,
24,,2624,,,,,0.4577704966068268,,1.6504815816879272
24,0.0010000000474974513,2624,259.57733154296875,0.45629698038101196,,,,,
25,,2649,,,0.45556640625,1.6935935020446777,,,
25,,2699,,,0.46630859375,1.6602100133895874,,,
,,300,,,,,,0.44140625,
,,301,,,,,,0.44482421875,
,,302,,,,,,0.4501953125,
,,303,,,,,,0.45556640625,
,,304,,,,,,0.45361328125,
,,305,,,,,,0.45361328125,
,,306,,,,,,0.453125,
,,307,,,,,,0.4638671875,
,,308,,,,,,0.49609375,
,,309,,,,,,0.47021484375,
,,310,,,,,,0.4794921875,
,,311,,,,,,0.449392706155777,
25,,2729,,,,,0.4615158140659332,,1.6452271938323975
25,0.0010000000474974513,2729,269.81585693359375,0.45815566182136536,,,,,
26,,2749,,,0.45166015625,1.6765336990356445,,,
26,,2799,,,0.45849609375,1.7311967611312866,,,
,,312,,,,,,0.4482421875,
,,313,,,,,,0.4482421875,
,,314,,,,,,0.43603515625,
,,315,,,,,,0.44970703125,
,,316,,,,,,0.466796875,
,,317,,,,,,0.44677734375,
,,318,,,,,,0.46923828125,
,,319,,,,,,0.45166015625,
,,320,,,,,,0.49658203125,
,,321,,,,,,0.46533203125,
,,322,,,,,,0.4873046875,
,,323,,,,,,0.4591093063354492,
26,,2834,,,,,0.4634726345539093,,1.6349055767059326
26,0.0010000000474974513,2834,280.07366943359375,0.4587448239326477,,,,,
27,,2849,,,0.46630859375,1.636108636856079,,,
27,,2899,,,0.451171875,1.6474099159240723,,,
,,324,,,,,,0.458984375,
,,325,,,,,,0.45703125,
,,326,,,,,,0.4580078125,
,,327,,,,,,0.44580078125,
,,328,,,,,,0.47119140625,
,,329,,,,,,0.4609375,
,,330,,,,,,0.46630859375,
,,331,,,,,,0.4677734375,
,,332,,,,,,0.49755859375,
,,333,,,,,,0.45703125,
,,334,,,,,,0.4892578125,
,,335,,,,,,0.4485830068588257,
27,,2939,,,,,0.46673399209976196,,1.6273398399353027
27,0.0010000000474974513,2939,290.36395263671875,0.4612370431423187,,,,,
28,,2949,,,0.458984375,1.6377605199813843,,,
28,,2999,,,0.453125,1.6456255912780762,,,
,,336,,,,,,0.4609375,
,,337,,,,,,0.4599609375,
,,338,,,,,,0.44677734375,
,,339,,,,,,0.4521484375,
,,340,,,,,,0.47509765625,
,,341,,,,,,0.4521484375,
,,342,,,,,,0.478515625,
,,343,,,,,,0.45849609375,
,,344,,,,,,0.4931640625,
,,345,,,,,,0.46484375,
,,346,,,,,,0.47998046875,
,,347,,,,,,0.45587044954299927,
28,,3044,,,,,0.46721795201301575,,1.627611756324768
28,0.0010000000474974513,3044,300.4900207519531,0.4634697735309601,,,,,
29,,3049,,,0.4658203125,1.6161789894104004,,,
29,,3099,,,0.455078125,1.6497248411178589,,,
29,,3149,,,0.49770641326904297,1.5974427461624146,,,
,,348,,,,,,0.46484375,
,,349,,,,,,0.45458984375,
,,350,,,,,,0.4521484375,
,,351,,,,,,0.45263671875,
,,352,,,,,,0.4794921875,
,,353,,,,,,0.45703125,
,,354,,,,,,0.47900390625,
,,355,,,,,,0.46142578125,
,,356,,,,,,0.49755859375,
,,357,,,,,,0.4677734375,
,,358,,,,,,0.48876953125,
,,359,,,,,,0.4550607204437256,
29,,3149,,,,,0.4709632694721222,,1.6086283922195435
29,0.0010000000474974513,3149,310.8148193359375,0.4641922116279602,,,,,
30,,3199,,,0.47607421875,1.6188108921051025,,,
30,,3249,,,0.4755859375,1.696324348449707,,,
,,360,,,,,,0.45263671875,
,,361,,,,,,0.4619140625,
,,362,,,,,,0.451171875,
,,363,,,,,,0.447265625,
,,364,,,,,,0.4755859375,
,,365,,,,,,0.458984375,
,,366,,,,,,0.4814453125,
,,367,,,,,,0.46630859375,
,,368,,,,,,0.49755859375,
,,369,,,,,,0.4697265625,
,,370,,,,,,0.49560546875,
,,371,,,,,,0.447773277759552,
30,,3254,,,,,0.4724782109260559,,1.6016367673873901
30,0.0010000000474974513,3254,321.24652099609375,0.4673297107219696,,,,,
31,,3299,,,0.4619140625,1.6696311235427856,,,
31,,3349,,,0.47119140625,1.6475433111190796,,,
,,372,,,,,,0.44775390625,
,,373,,,,,,0.4697265625,
,,374,,,,,,0.4619140625,
,,375,,,,,,0.46240234375,
,,376,,,,,,0.4765625,
,,377,,,,,,0.47314453125,
,,378,,,,,,0.48291015625,
,,379,,,,,,0.46044921875,
,,380,,,,,,0.4990234375,
,,381,,,,,,0.47021484375,
,,382,,,,,,0.5,
,,383,,,,,,0.4712550640106201,
31,,3359,,,,,0.4741194248199463,,1.5978398323059082
31,0.0010000000474974513,3359,331.5091247558594,0.4687581956386566,,,,,
32,,3399,,,0.4677734375,1.6269301176071167,,,
32,,3449,,,0.47021484375,1.653156042098999,,,
,,384,,,,,,0.44970703125,
,,385,,,,,,0.47607421875,
,,386,,,,,,0.45849609375,
,,387,,,,,,0.455078125,
,,388,,,,,,0.46875,
,,389,,,,,,0.45458984375,
,,390,,,,,,0.47607421875,
,,391,,,,,,0.4736328125,
,,392,,,,,,0.5068359375,
,,393,,,,,,0.47802734375,
,,394,,,,,,0.49267578125,
,,395,,,,,,0.4582996070384979,
32,,3464,,,,,0.472941130399704,,1.5962752103805542
32,0.0010000000474974513,3464,341.9768371582031,0.46919772028923035,,,,,
33,,3499,,,0.46630859375,1.5989296436309814,,,
33,,3549,,,0.4814453125,1.5842175483703613,,,
,,396,,,,,,0.4580078125,
,,397,,,,,,0.47412109375,
,,398,,,,,,0.46435546875,
,,399,,,,,,0.45947265625,
,,400,,,,,,0.484375,
,,401,,,,,,0.4580078125,
,,402,,,,,,0.48046875,
,,403,,,,,,0.46240234375,
,,404,,,,,,0.49853515625,
,,405,,,,,,0.48095703125,
,,406,,,,,,0.501953125,
,,407,,,,,,0.45748987793922424,
33,,3569,,,,,0.4752766788005829,,1.593237280845642
33,0.0010000000474974513,3569,352.20477294921875,0.4715122580528259,,,,,
34,,3599,,,0.46923828125,1.6657187938690186,,,
34,,3649,,,0.48583984375,1.5739874839782715,,,
,,408,,,,,,0.4560546875,
,,409,,,,,,0.47314453125,
,,410,,,,,,0.46875,
,,411,,,,,,0.4560546875,
,,412,,,,,,0.466796875,
,,413,,,,,,0.466796875,
,,414,,,,,,0.48486328125,
,,415,,,,,,0.46484375,
,,416,,,,,,0.51123046875,
,,417,,,,,,0.4697265625,
,,418,,,,,,0.50048828125,
,,419,,,,,,0.449392706155777,
34,,3674,,,,,0.47502419352531433,,1.5934836864471436
34,0.0010000000474974513,3674,362.4344482421875,0.47307634353637695,,,,,
35,,3699,,,0.46435546875,1.66428542137146,,,
35,,3749,,,0.4716796875,1.5818146467208862,,,
,,420,,,,,,0.4677734375,
,,421,,,,,,0.4736328125,
,,422,,,,,,0.466796875,
,,423,,,,,,0.45947265625,
,,424,,,,,,0.48193359375,
,,425,,,,,,0.455078125,
,,426,,,,,,0.47216796875,
,,427,,,,,,0.47119140625,
,,428,,,,,,0.5068359375,
,,429,,,,,,0.47119140625,
,,430,,,,,,0.498046875,
,,431,,,,,,0.46396762132644653,
35,,3779,,,,,0.4778016209602356,,1.5851327180862427
35,0.0010000000474974513,3779,372.7279357910156,0.47524595260620117,,,,,
36,,3799,,,0.47705078125,1.585721492767334,,,
36,,3849,,,0.46435546875,1.6338059902191162,,,
,,432,,,,,,0.46142578125,
,,433,,,,,,0.47265625,
,,434,,,,,,0.45849609375,
,,435,,,,,,0.455078125,
,,436,,,,,,0.47412109375,
,,437,,,,,,0.4658203125,
,,438,,,,,,0.48046875,
,,439,,,,,,0.478515625,
,,440,,,,,,0.501953125,
,,441,,,,,,0.47607421875,
,,442,,,,,,0.49560546875,
,,443,,,,,,0.4615384638309479,
36,,3884,,,,,0.4749821126461029,,1.5866999626159668
36,0.0010000000474974513,3884,382.81158447265625,0.47508931159973145,,,,,
37,,3899,,,0.48388671875,1.543525218963623,,,
37,,3949,,,0.4833984375,1.6008591651916504,,,
,,444,,,,,,0.47119140625,
,,445,,,,,,0.47802734375,
,,446,,,,,,0.4619140625,
,,447,,,,,,0.45361328125,
,,448,,,,,,0.486328125,
,,449,,,,,,0.470703125,
,,450,,,,,,0.47900390625,
,,451,,,,,,0.49365234375,
,,452,,,,,,0.5,
,,453,,,,,,0.4736328125,
,,454,,,,,,0.4912109375,
,,455,,,,,,0.4599190354347229,
37,,3989,,,,,0.4809998869895935,,1.5739779472351074
37,0.0010000000474974513,3989,392.904296875,0.4772004783153534,,,,,
38,,3999,,,0.47607421875,1.5828673839569092,,,
38,,4049,,,0.47509765625,1.6103615760803223,,,
,,456,,,,,,0.4697265625,
,,457,,,,,,0.4853515625,
,,458,,,,,,0.47705078125,
,,459,,,,,,0.44970703125,
,,460,,,,,,0.48291015625,
,,461,,,,,,0.47216796875,
,,462,,,,,,0.4951171875,
,,463,,,,,,0.47900390625,
,,464,,,,,,0.501953125,
,,465,,,,,,0.478515625,
,,466,,,,,,0.50390625,
,,467,,,,,,0.47449392080307007,
38,,4094,,,,,0.484345406293869,,1.5637353658676147
38,0.0010000000474974513,4094,403.1538391113281,0.4798119366168976,,,,,
39,,4099,,,0.48095703125,1.5618529319763184,,,
39,,4149,,,0.4794921875,1.6263740062713623,,,
39,,4199,,,0.5263761281967163,1.446174144744873,,,
,,468,,,,,,0.47265625,
,,469,,,,,,0.49267578125,
,,470,,,,,,0.47021484375,
,,471,,,,,,0.46630859375,
,,472,,,,,,0.49072265625,
,,473,,,,,,0.4736328125,
,,474,,,,,,0.49609375,
,,475,,,,,,0.4833984375,
,,476,,,,,,0.51171875,
,,477,,,,,,0.48291015625,
,,478,,,,,,0.509765625,
,,479,,,,,,0.4793522357940674,
39,,4199,,,,,0.4886588454246521,,1.5505733489990234
39,0.0010000000474974513,4199,414.75439453125,0.48052969574928284,,,,,
40,,4249,,,0.48388671875,1.6019054651260376,,,
40,,4299,,,0.4814453125,1.551633358001709,,,
,,480,,,,,,0.46826171875,
,,481,,,,,,0.484375,
,,482,,,,,,0.4736328125,
,,483,,,,,,0.4609375,
,,484,,,,,,0.48681640625,
,,485,,,,,,0.46044921875,
,,486,,,,,,0.48828125,
,,487,,,,,,0.482421875,
,,488,,,,,,0.51708984375,
,,489,,,,,,0.48876953125,
,,490,,,,,,0.50537109375,
,,491,,,,,,0.46882590651512146,
40,,4304,,,,,0.48472416400909424,,1.5605491399765015
40,0.0010000000474974513,4304,430.1761779785156,0.4809832274913788,,,,,
41,,4349,,,0.4765625,1.6312397718429565,,,
41,,4399,,,0.4892578125,1.5680371522903442,,,
,,492,,,,,,0.47314453125,
,,493,,,,,,0.4853515625,
,,494,,,,,,0.46630859375,
,,495,,,,,,0.46533203125,
,,496,,,,,,0.49755859375,
,,497,,,,,,0.4677734375,
,,498,,,,,,0.48046875,
,,499,,,,,,0.4677734375,
,,500,,,,,,0.50830078125,
,,501,,,,,,0.47802734375,
,,502,,,,,,0.49560546875,
,,503,,,,,,0.47044533491134644,
41,,4409,,,,,0.484492689371109,,1.5498062372207642
41,0.0010000000474974513,4409,440.62274169921875,0.48143213987350464,,,,,
42,,4449,,,0.48193359375,1.566847324371338,,,
42,,4499,,,0.48681640625,1.5860823392868042,,,
,,504,,,,,,0.48828125,
,,505,,,,,,0.49609375,
,,506,,,,,,0.4716796875,
,,507,,,,,,0.47412109375,
,,508,,,,,,0.4951171875,
,,509,,,,,,0.478515625,
,,510,,,,,,0.50146484375,
,,511,,,,,,0.478515625,
,,512,,,,,,0.52294921875,
,,513,,,,,,0.48193359375,
,,514,,,,,,0.49609375,
,,515,,,,,,0.48663967847824097,
42,,4514,,,,,0.491141676902771,,1.538309931755066
42,0.0010000000474974513,4514,450.76837158203125,0.48467716574668884,,,,,
43,,4549,,,0.4970703125,1.5968941450119019,,,
43,,4599,,,0.4775390625,1.5909570455551147,,,
,,516,,,,,,0.4765625,
,,517,,,,,,0.4892578125,
,,518,,,,,,0.4677734375,
,,519,,,,,,0.47314453125,
,,520,,,,,,0.48486328125,
,,521,,,,,,0.4697265625,
,,522,,,,,,0.484375,
,,523,,,,,,0.48486328125,
,,524,,,,,,0.5234375,
,,525,,,,,,0.47412109375,
,,526,,,,,,0.4912109375,
,,527,,,,,,0.4736842215061188,
43,,4619,,,,,0.48272523283958435,,1.561408519744873
43,0.0010000000474974513,4619,461.1763610839844,0.48442235589027405,,,,,
44,,4649,,,0.482421875,1.5177236795425415,,,
44,,4699,,,0.4765625,1.5556747913360596,,,
,,528,,,,,,0.4814453125,
,,529,,,,,,0.47607421875,
,,530,,,,,,0.4716796875,
,,531,,,,,,0.47314453125,
,,532,,,,,,0.494140625,
,,533,,,,,,0.46533203125,
,,534,,,,,,0.47314453125,
,,535,,,,,,0.48291015625,
,,536,,,,,,0.51953125,
,,537,,,,,,0.48291015625,
,,538,,,,,,0.49951171875,
,,539,,,,,,0.46882590651512146,
44,,4724,,,,,0.48691242933273315,,1.5502498149871826
44,0.0010000000474974513,4724,472.05035400390625,0.4860402047634125,,,,,
45,,4749,,,0.49365234375,1.57076096534729,,,
45,,4799,,,0.48876953125,1.5710312128067017,,,
,,540,,,,,,0.486328125,
,,541,,,,,,0.4755859375,
,,542,,,,,,0.49267578125,
,,543,,,,,,0.46728515625,
,,544,,,,,,0.49072265625,
,,545,,,,,,0.48193359375,
,,546,,,,,,0.48681640625,
,,547,,,,,,0.49169921875,
,,548,,,,,,0.50439453125,
,,549,,,,,,0.4853515625,
,,550,,,,,,0.517578125,
,,551,,,,,,0.4801619350910187,
45,,4829,,,,,0.49074190855026245,,1.5364445447921753
45,0.0010000000474974513,4829,482.5416259765625,0.48798301815986633,,,,,
46,,4849,,,0.50146484375,1.5259785652160645,,,
46,,4899,,,0.4873046875,1.5606465339660645,,,
,,552,,,,,,0.48779296875,
,,553,,,,,,0.4873046875,
,,554,,,,,,0.47802734375,
,,555,,,,,,0.46875,
,,556,,,,,,0.48583984375,
,,557,,,,,,0.46435546875,
,,558,,,,,,0.51123046875,
,,559,,,,,,0.4814453125,
,,560,,,,,,0.5166015625,
,,561,,,,,,0.48681640625,
,,562,,,,,,0.50830078125,
,,563,,,,,,0.4712550640106201,
46,,4934,,,,,0.49175187945365906,,1.5345696210861206
46,0.0010000000474974513,4934,497.94293212890625,0.48910054564476013,,,,,
47,,4949,,,0.4990234375,1.5680053234100342,,,
47,,4999,,,0.50244140625,1.5165858268737793,,,
,,564,,,,,,0.486328125,
,,565,,,,,,0.49169921875,
,,566,,,,,,0.4775390625,
,,567,,,,,,0.47119140625,
,,568,,,,,,0.49755859375,
,,569,,,,,,0.486328125,
,,570,,,,,,0.49658203125,
,,571,,,,,,0.49169921875,
,,572,,,,,,0.51708984375,
,,573,,,,,,0.4814453125,
,,574,,,,,,0.5068359375,
,,575,,,,,,0.4842105209827423,
47,,5039,,,,,0.49286705255508423,,1.5314617156982422
47,0.0010000000474974513,5039,508.23150634765625,0.4901479482650757,,,,,
48,,5049,,,0.4912109375,1.5526670217514038,,,
48,,5099,,,0.50732421875,1.5129764080047607,,,
,,576,,,,,,0.50537109375,
,,577,,,,,,0.494140625,
,,578,,,,,,0.4716796875,
,,579,,,,,,0.48193359375,
,,580,,,,,,0.5048828125,
,,581,,,,,,0.48193359375,
,,582,,,,,,0.49462890625,
,,583,,,,,,0.4892578125,
,,584,,,,,,0.52587890625,
,,585,,,,,,0.49365234375,
,,586,,,,,,0.50732421875,
,,587,,,,,,0.4842105209827423,
48,,5144,,,,,0.49890586733818054,,1.5208326578140259
48,0.0010000000474974513,5144,518.5856323242188,0.4923175573348999,,,,,
49,,5149,,,0.4931640625,1.5390408039093018,,,
49,,5199,,,0.494140625,1.5542991161346436,,,
49,,5249,,,0.48279815912246704,1.5485246181488037,,,
,,588,,,,,,0.4814453125,
,,589,,,,,,0.49853515625,
,,590,,,,,,0.48486328125,
,,591,,,,,,0.47705078125,
,,592,,,,,,0.48828125,
,,593,,,,,,0.48095703125,
,,594,,,,,,0.51220703125,
,,595,,,,,,0.48779296875,
,,596,,,,,,0.51953125,
,,597,,,,,,0.49853515625,
,,598,,,,,,0.51611328125,
,,599,,,,,,0.47449392080307007,
49,,5249,,,,,0.49625468254089355,,1.5282012224197388
49,0.0010000000474974513,5249,529.5377197265625,0.4935215711593628,,,,,
50,,5299,,,0.50146484375,1.488993763923645,,,
50,,5349,,,0.5068359375,1.552544116973877,,,
,,600,,,,,,0.486328125,
,,601,,,,,,0.49560546875,
,,602,,,,,,0.48486328125,
,,603,,,,,,0.48095703125,
,,604,,,,,,0.49755859375,
,,605,,,,,,0.47998046875,
,,606,,,,,,0.5029296875,
,,607,,,,,,0.4990234375,
,,608,,,,,,0.52685546875,
,,609,,,,,,0.50146484375,
,,610,,,,,,0.5166015625,
,,611,,,,,,0.4979757070541382,
50,,5354,,,,,0.5020199418067932,,1.506585717201233
50,0.0010000000474974513,5354,539.9187622070312,0.4945058524608612,,,,,
51,,5399,,,0.50634765625,1.5211914777755737,,,
51,,5449,,,0.505859375,1.4748671054840088,,,
,,612,,,,,,0.49462890625,
,,613,,,,,,0.49169921875,
,,614,,,,,,0.48876953125,
,,615,,,,,,0.4833984375,
,,616,,,,,,0.509765625,
,,617,,,,,,0.49169921875,
,,618,,,,,,0.50634765625,
,,619,,,,,,0.4951171875,
,,620,,,,,,0.5283203125,
,,621,,,,,,0.49951171875,
,,622,,,,,,0.5224609375,
,,623,,,,,,0.4801619350910187,
51,,5459,,,,,0.5004628896713257,,1.5142754316329956
51,0.0010000000474974513,5459,550.4926147460938,0.4946531355381012,,,,,
52,,5499,,,0.4951171875,1.5477598905563354,,,
52,,5549,,,0.4921875,1.5004801750183105,,,
,,624,,,,,,0.501953125,
,,625,,,,,,0.49853515625,
,,626,,,,,,0.49462890625,
,,627,,,,,,0.4833984375,
,,628,,,,,,0.4990234375,
,,629,,,,,,0.4912109375,
,,630,,,,,,0.5029296875,
,,631,,,,,,0.50537109375,
,,632,,,,,,0.537109375,
,,633,,,,,,0.50634765625,
,,634,,,,,,0.5185546875,
,,635,,,,,,0.49473685026168823,
52,,5564,,,,,0.5025669932365417,,1.504239797592163
52,0.0010000000474974513,5564,565.9938354492188,0.497210830450058,,,,,
53,,5599,,,0.5009765625,1.5260226726531982,,,
53,,5649,,,0.49609375,1.5091824531555176,,,
,,636,,,,,,0.501953125,
,,637,,,,,,0.501953125,
,,638,,,,,,0.48779296875,
,,639,,,,,,0.49072265625,
,,640,,,,,,0.51513671875,
,,641,,,,,,0.49951171875,
,,642,,,,,,0.5,
,,643,,,,,,0.5029296875,
,,644,,,,,,0.5400390625,
,,645,,,,,,0.5048828125,
,,646,,,,,,0.52685546875,
,,647,,,,,,0.4890688359737396,
53,,5669,,,,,0.5072802305221558,,1.494061827659607
53,0.0010000000474974513,5669,581.6217041015625,0.49797767400741577,,,,,
54,,5699,,,0.521484375,1.4726816415786743,,,
54,,5749,,,0.517578125,1.496280550956726,,,
,,648,,,,,,0.50048828125,
,,649,,,,,,0.4990234375,
,,650,,,,,,0.484375,
,,651,,,,,,0.47998046875,
,,652,,,,,,0.49755859375,
,,653,,,,,,0.4765625,
,,654,,,,,,0.49658203125,
,,655,,,,,,0.515625,
,,656,,,,,,0.53076171875,
,,657,,,,,,0.49951171875,
,,658,,,,,,0.52490234375,
,,659,,,,,,0.49473685026168823,
54,,5774,,,,,0.5034297108650208,,1.499221920967102
54,0.0010000000474974513,5774,592.289306640625,0.499864399433136,,,,,
55,,5799,,,0.48583984375,1.5452972650527954,,,
55,,5849,,,0.5263671875,1.4587252140045166,,,
,,660,,,,,,0.4970703125,
,,661,,,,,,0.501953125,
,,662,,,,,,0.4921875,
,,663,,,,,,0.482421875,
,,664,,,,,,0.50341796875,
,,665,,,,,,0.49658203125,
,,666,,,,,,0.50927734375,
,,667,,,,,,0.49755859375,
,,668,,,,,,0.54052734375,
,,669,,,,,,0.49853515625,
,,670,,,,,,0.53076171875,
,,671,,,,,,0.5085020065307617,
55,,5879,,,,,0.5067963004112244,,1.4904223680496216
55,0.0010000000474974513,5879,602.8401489257812,0.4989151954650879,,,,,
56,,5899,,,0.50048828125,1.4860782623291016,,,
56,,5949,,,0.494140625,1.5429039001464844,,,
,,672,,,,,,0.49609375,
,,673,,,,,,0.49462890625,
,,674,,,,,,0.498046875,
,,675,,,,,,0.4921875,
,,676,,,,,,0.4970703125,
,,677,,,,,,0.4873046875,
,,678,,,,,,0.50390625,
,,679,,,,,,0.48095703125,
,,680,,,,,,0.5400390625,
,,681,,,,,,0.50927734375,
,,682,,,,,,0.52001953125,
,,683,,,,,,0.5060728788375854,
56,,5984,,,,,0.5037453174591064,,1.505306601524353
56,0.0010000000474974513,5984,613.577880859375,0.5013980865478516,,,,,
57,,5999,,,0.498046875,1.520857334136963,,,
57,,6049,,,0.5,1.4851610660552979,,,
,,684,,,,,,0.49560546875,
,,685,,,,,,0.4931640625,
,,686,,,,,,0.50146484375,
,,687,,,,,,0.49267578125,
,,688,,,,,,0.51513671875,
,,689,,,,,,0.4853515625,
,,690,,,,,,0.5009765625,
,,691,,,,,,0.5048828125,
,,692,,,,,,0.55078125,
,,693,,,,,,0.5244140625,
,,694,,,,,,0.5205078125,
,,695,,,,,,0.4914979636669159,
57,,6089,,,,,0.5099313855171204,,1.4835823774337769
57,0.0010000000474974513,6089,623.8507080078125,0.5038061738014221,,,,,
58,,6099,,,0.50537109375,1.4991645812988281,,,
58,,6149,,,0.5185546875,1.4903627634048462,,,
,,696,,,,,,0.51416015625,
,,697,,,,,,0.50634765625,
,,698,,,,,,0.494140625,
,,699,,,,,,0.490234375,
,,700,,,,,,0.5205078125,
,,701,,,,,,0.49365234375,
,,702,,,,,,0.51904296875,
,,703,,,,,,0.4990234375,
,,704,,,,,,0.54296875,
,,705,,,,,,0.5068359375,
,,706,,,,,,0.51708984375,
,,707,,,,,,0.4955465495586395,
58,,6194,,,,,0.5104784965515137,,1.4834574460983276
58,0.0010000000474974513,6194,634.3302001953125,0.5045963525772095,,,,,
59,,6199,,,0.49853515625,1.5477977991104126,,,
59,,6249,,,0.5166015625,1.5061769485473633,,,
59,,6299,,,0.4954128563404083,1.5358530282974243,,,
,,708,,,,,,0.5029296875,
,,709,,,,,,0.4921875,
,,710,,,,,,0.50244140625,
,,711,,,,,,0.48046875,
,,712,,,,,,0.509765625,
,,713,,,,,,0.4951171875,
,,714,,,,,,0.5048828125,
,,715,,,,,,0.50927734375,
,,716,,,,,,0.529296875,
,,717,,,,,,0.50341796875,
,,718,,,,,,0.5380859375,
,,719,,,,,,0.48663967847824097,
59,,6299,,,,,0.5073012709617615,,1.4978355169296265
59,0.0010000000474974513,6299,644.6378173828125,0.5048582553863525,,,,,
60,,6349,,,0.4990234375,1.5496556758880615,,,
60,,6399,,,0.49267578125,1.492789626121521,,,
,,720,,,,,,0.50244140625,
,,721,,,,,,0.51025390625,
,,722,,,,,,0.50439453125,
,,723,,,,,,0.4814453125,
,,724,,,,,,0.51611328125,
,,725,,,,,,0.486328125,
,,726,,,,,,0.50439453125,
,,727,,,,,,0.50927734375,
,,728,,,,,,0.53369140625,
,,729,,,,,,0.50732421875,
,,730,,,,,,0.52294921875,
,,731,,,,,,0.49473685026168823,
60,,6404,,,,,0.5111938714981079,,1.4754644632339478
60,0.0010000000474974513,6404,654.9060668945312,0.506770670413971,,,,,
61,,6449,,,0.5029296875,1.4705793857574463,,,
61,,6499,,,0.49658203125,1.5305545330047607,,,
,,732,,,,,,0.5078125,
,,733,,,,,,0.50390625,
,,734,,,,,,0.4970703125,
,,735,,,,,,0.49169921875,
,,736,,,,,,0.50830078125,
,,737,,,,,,0.498046875,
,,738,,,,,,0.51123046875,
,,739,,,,,,0.51318359375,
,,740,,,,,,0.53515625,
,,741,,,,,,0.509765625,
,,742,,,,,,0.52783203125,
,,743,,,,,,0.5044534206390381,
61,,6509,,,,,0.5128771662712097,,1.4663124084472656
61,0.0010000000474974513,6509,665.1183471679688,0.5080331563949585,,,,,
62,,6549,,,0.4951171875,1.5169929265975952,,,
62,,6599,,,0.517578125,1.442948341369629,,,
,,744,,,,,,0.50341796875,
,,745,,,,,,0.5107421875,
,,746,,,,,,0.50927734375,
,,747,,,,,,0.49365234375,
,,748,,,,,,0.52294921875,
,,749,,,,,,0.494140625,
,,750,,,,,,0.51025390625,
,,751,,,,,,0.5009765625,
,,752,,,,,,0.55078125,
,,753,,,,,,0.5185546875,
,,754,,,,,,0.5380859375,
,,755,,,,,,0.5004048347473145,
62,,6614,,,,,0.5145815014839172,,1.4684702157974243
62,0.0010000000474974513,6614,675.50732421875,0.5086737275123596,,,,,
63,,6649,,,0.50146484375,1.5047590732574463,,,
63,,6699,,,0.52197265625,1.5050894021987915,,,
,,756,,,,,,0.5126953125,
,,757,,,,,,0.50244140625,
,,758,,,,,,0.4970703125,
,,759,,,,,,0.49169921875,
,,760,,,,,,0.52001953125,
,,761,,,,,,0.4951171875,
,,762,,,,,,0.509765625,
,,763,,,,,,0.50341796875,
,,764,,,,,,0.53076171875,
,,765,,,,,,0.52392578125,
,,766,,,,,,0.51806640625,
,,767,,,,,,0.4963562786579132,
63,,6719,,,,,0.5110045075416565,,1.4792449474334717
63,0.0010000000474974513,6719,685.84228515625,0.5107334852218628,,,,,
64,,6749,,,0.5078125,1.4946279525756836,,,
64,,6799,,,0.5341796875,1.4557123184204102,,,
,,768,,,,,,0.5078125,
,,769,,,,,,0.5,
,,770,,,,,,0.50830078125,
,,771,,,,,,0.5029296875,
,,772,,,,,,0.5185546875,
,,773,,,,,,0.50390625,
,,774,,,,,,0.5146484375,
,,775,,,,,,0.51513671875,
,,776,,,,,,0.5498046875,
,,777,,,,,,0.5087890625,
,,778,,,,,,0.53369140625,
,,779,,,,,,0.5125505924224854,
64,,6824,,,,,0.5170853734016418,,1.459175944328308
64,0.0010000000474974513,6824,696.0113525390625,0.5111613273620605,,,,,
65,,6849,,,0.50830078125,1.508776307106018,,,
65,,6899,,,0.521484375,1.4512910842895508,,,
,,780,,,,,,0.51904296875,
,,781,,,,,,0.509765625,
,,782,,,,,,0.5068359375,
,,783,,,,,,0.48974609375,
,,784,,,,,,0.5107421875,
,,785,,,,,,0.50634765625,
,,786,,,,,,0.52880859375,
,,787,,,,,,0.50341796875,
,,788,,,,,,0.5390625,
,,789,,,,,,0.51025390625,
,,790,,,,,,0.5361328125,
,,791,,,,,,0.48097166419029236,
65,,6929,,,,,0.5159702301025391,,1.4643059968948364
65,0.0010000000474974513,6929,706.35498046875,0.5132631063461304,,,,,
66,,6949,,,0.50634765625,1.4516700506210327,,,
66,,6999,,,0.5322265625,1.4695720672607422,,,
,,792,,,,,,0.517578125,
,,793,,,,,,0.51123046875,
,,794,,,,,,0.50830078125,
,,795,,,,,,0.49951171875,
,,796,,,,,,0.5146484375,
,,797,,,,,,0.49609375,
,,798,,,,,,0.509765625,
,,799,,,,,,0.49365234375,
,,800,,,,,,0.56689453125,
,,801,,,,,,0.50927734375,
,,802,,,,,,0.54052734375,
,,803,,,,,,0.5101214647293091,
66,,7034,,,,,0.517590343952179,,1.4540650844573975
66,0.0010000000474974513,7034,716.873291015625,0.5125547051429749,,,,,
67,,7049,,,0.5263671875,1.431394338607788,,,
67,,7099,,,0.5,1.5727288722991943,,,
,,804,,,,,,0.50341796875,
,,805,,,,,,0.50634765625,
,,806,,,,,,0.5166015625,
,,807,,,,,,0.49560546875,
,,808,,,,,,0.50634765625,
,,809,,,,,,0.50830078125,
,,810,,,,,,0.51416015625,
,,811,,,,,,0.5029296875,
,,812,,,,,,0.5439453125,
,,813,,,,,,0.50830078125,
,,814,,,,,,0.546875,
,,815,,,,,,0.5141700506210327,
67,,7139,,,,,0.5156545639038086,,1.4557942152023315
67,0.0010000000474974513,7139,727.5852661132812,0.5149744749069214,,,,,
68,,7149,,,0.5166015625,1.5278156995773315,,,
68,,7199,,,0.5234375,1.4420443773269653,,,
,,816,,,,,,0.5078125,
,,817,,,,,,0.51318359375,
,,818,,,,,,0.50146484375,
,,819,,,,,,0.49853515625,
,,820,,,,,,0.52587890625,
,,821,,,,,,0.49609375,
,,822,,,,,,0.4970703125,
,,823,,,,,,0.51318359375,
,,824,,,,,,0.55322265625,
,,825,,,,,,0.5068359375,
,,826,,,,,,0.52880859375,
,,827,,,,,,0.5052631497383118,
68,,7244,,,,,0.5149181485176086,,1.4570430517196655
68,0.0010000000474974513,7244,738.2694091796875,0.5158511996269226,,,,,
69,,7249,,,0.50927734375,1.5215418338775635,,,
69,,7299,,,0.501953125,1.480358362197876,,,
69,,7349,,,0.5332568883895874,1.3860608339309692,,,
,,828,,,,,,0.5263671875,
,,829,,,,,,0.51220703125,
,,830,,,,,,0.51318359375,
,,831,,,,,,0.5068359375,
,,832,,,,,,0.51806640625,
,,833,,,,,,0.49853515625,
,,834,,,,,,0.529296875,
,,835,,,,,,0.51318359375,
,,836,,,,,,0.552734375,
,,837,,,,,,0.52099609375,
,,838,,,,,,0.54345703125,
,,839,,,,,,0.5068826079368591,
69,,7349,,,,,0.5199469923973083,,1.4469119310379028
69,0.0010000000474974513,7349,748.774169921875,0.5166297554969788,,,,,
70,,7399,,,0.52587890625,1.4893290996551514,,,
70,,7449,,,0.5322265625,1.4127594232559204,,,
,,840,,,,,,0.517578125,
,,841,,,,,,0.517578125,
,,842,,,,,,0.50537109375,
,,843,,,,,,0.50048828125,
,,844,,,,,,0.517578125,
,,845,,,,,,0.51806640625,
,,846,,,,,,0.53515625,
,,847,,,,,,0.51513671875,
,,848,,,,,,0.55322265625,
,,849,,,,,,0.5224609375,
,,850,,,,,,0.54150390625,
,,851,,,,,,0.5182186365127563,
70,,7454,,,,,0.5219248533248901,,1.434860348701477
70,0.0010000000474974513,7454,758.8355712890625,0.517665445804596,,,,,
71,,7499,,,0.51513671875,1.4831430912017822,,,
71,,7549,,,0.52099609375,1.4491844177246094,,,
,,852,,,,,,0.5185546875,
,,853,,,,,,0.5185546875,
,,854,,,,,,0.517578125,
,,855,,,,,,0.49951171875,
,,856,,,,,,0.5322265625,
,,857,,,,,,0.513671875,
,,858,,,,,,0.52490234375,
,,859,,,,,,0.50634765625,
,,860,,,,,,0.548828125,
,,861,,,,,,0.5244140625,
,,862,,,,,,0.53466796875,
,,863,,,,,,0.49959513545036316,
71,,7559,,,,,0.5233346223831177,,1.4341719150543213
71,0.0010000000474974513,7559,770.6495361328125,0.5197251439094543,,,,,
72,,7599,,,0.51220703125,1.5071759223937988,,,
72,,7649,,,0.513671875,1.4715416431427002,,,
,,864,,,,,,0.517578125,
,,865,,,,,,0.51318359375,
,,866,,,,,,0.5126953125,
,,867,,,,,,0.51806640625,
,,868,,,,,,0.5322265625,
,,869,,,,,,0.505859375,
,,870,,,,,,0.521484375,
,,871,,,,,,0.51708984375,
,,872,,,,,,0.55908203125,
,,873,,,,,,0.53125,
,,874,,,,,,0.5439453125,
,,875,,,,,,0.5360323786735535,
72,,7664,,,,,0.5269325971603394,,1.4282739162445068
72,0.0010000000474974513,7664,780.8675537109375,0.5186777710914612,,,,,
73,,7699,,,0.51953125,1.4002572298049927,,,
73,,7749,,,0.5283203125,1.450893521308899,,,
,,876,,,,,,0.515625,
,,877,,,,,,0.5048828125,
,,878,,,,,,0.5078125,
,,879,,,,,,0.50634765625,
,,880,,,,,,0.52294921875,
,,881,,,,,,0.51318359375,
,,882,,,,,,0.5146484375,
,,883,,,,,,0.513671875,
,,884,,,,,,0.56005859375,
,,885,,,,,,0.51611328125,
,,886,,,,,,0.52392578125,
,,887,,,,,,0.5085020065307617,
73,,7769,,,,,0.5205782055854797,,1.4434947967529297
73,0.0010000000474974513,7769,791.27880859375,0.5201038718223572,,,,,
74,,7799,,,0.52880859375,1.4473367929458618,,,
74,,7849,,,0.546875,1.3844786882400513,,,
,,888,,,,,,0.5302734375,
,,889,,,,,,0.50927734375,
,,890,,,,,,0.51611328125,
,,891,,,,,,0.5087890625,
,,892,,,,,,0.5234375,
,,893,,,,,,0.51904296875,
,,894,,,,,,0.5322265625,
,,895,,,,,,0.51416015625,
,,896,,,,,,0.5517578125,
,,897,,,,,,0.5087890625,
,,898,,,,,,0.5400390625,
,,899,,,,,,0.5101214647293091,
74,,7874,,,,,0.5247653722763062,,1.4317903518676758
74,0.0010000000474974513,7874,801.8287353515625,0.5217404365539551,,,,,
75,,7899,,,0.5234375,1.430671215057373,,,
75,,7949,,,0.53271484375,1.4796702861785889,,,
,,900,,,,,,0.5185546875,
,,901,,,,,,0.51611328125,
,,902,,,,,,0.51806640625,
,,903,,,,,,0.50537109375,
,,904,,,,,,0.529296875,
,,905,,,,,,0.5224609375,
,,906,,,,,,0.5185546875,
,,907,,,,,,0.5205078125,
,,908,,,,,,0.56787109375,
,,909,,,,,,0.525390625,
,,910,,,,,,0.5361328125,
,,911,,,,,,0.5279352068901062,
75,,7979,,,,,0.5261751413345337,,1.4285969734191895
75,0.0010000000474974513,7979,812.1710815429688,0.5220443606376648,,,,,
76,,7999,,,0.53515625,1.4546551704406738,,,
76,,8049,,,0.51171875,1.4226053953170776,,,
,,912,,,,,,0.51513671875,
,,913,,,,,,0.5244140625,
,,914,,,,,,0.5087890625,
,,915,,,,,,0.51171875,
,,916,,,,,,0.52734375,
,,917,,,,,,0.525390625,
,,918,,,,,,0.52734375,
,,919,,,,,,0.51416015625,
,,920,,,,,,0.5498046875,
,,921,,,,,,0.51806640625,
,,922,,,,,,0.53076171875,
,,923,,,,,,0.5182186365127563,
76,,8084,,,,,0.5266801118850708,,1.4216879606246948
76,0.0010000000474974513,8084,822.7255859375,0.5228369235992432,,,,,
77,,8099,,,0.521484375,1.3839573860168457,,,
77,,8149,,,0.52197265625,1.4448682069778442,,,
,,924,,,,,,0.52099609375,
,,925,,,,,,0.52197265625,
,,926,,,,,,0.51904296875,
,,927,,,,,,0.50439453125,
,,928,,,,,,0.51708984375,
,,929,,,,,,0.5263671875,
,,930,,,,,,0.53173828125,
,,931,,,,,,0.517578125,
,,932,,,,,,0.5478515625,
,,933,,,,,,0.5244140625,
,,934,,,,,,0.54052734375,
,,935,,,,,,0.5230769515037537,
77,,8189,,,,,0.5269536972045898,,1.4194414615631104
77,0.0010000000474974513,8189,833.2379150390625,0.5239381194114685,,,,,
78,,8199,,,0.52490234375,1.4234747886657715,,,
78,,8249,,,0.53759765625,1.463836669921875,,,
,,936,,,,,,0.52001953125,
,,937,,,,,,0.521484375,
,,938,,,,,,0.515625,
,,939,,,,,,0.51220703125,
,,940,,,,,,0.52880859375,
,,941,,,,,,0.5205078125,
,,942,,,,,,0.52392578125,
,,943,,,,,,0.50732421875,
,,944,,,,,,0.55615234375,
,,945,,,,,,0.51708984375,
,,946,,,,,,0.5390625,
,,947,,,,,,0.5376518368721008,
78,,8294,,,,,0.5281950831413269,,1.4181982278823853
78,0.0010000000474974513,8294,843.4906616210938,0.5250977277755737,,,,,
79,,8299,,,0.521484375,1.4650684595108032,,,
79,,8349,,,0.51318359375,1.4685231447219849,,,
79,,8399,,,0.5137614607810974,1.5206494331359863,,,
,,948,,,,,,0.515625,
,,949,,,,,,0.52734375,
,,950,,,,,,0.52685546875,
,,951,,,,,,0.515625,
,,952,,,,,,0.53076171875,
,,953,,,,,,0.5224609375,
,,954,,,,,,0.52734375,
,,955,,,,,,0.50634765625,
,,956,,,,,,0.55908203125,
,,957,,,,,,0.521484375,
,,958,,,,,,0.5302734375,
,,959,,,,,,0.5182186365127563,
79,,8399,,,,,0.5287842154502869,,1.4177900552749634
79,0.0010000000474974513,8399,853.9705810546875,0.5245740413665771,,,,,
80,,8449,,,0.51806640625,1.4437787532806396,,,
80,,8499,,,0.5341796875,1.3986932039260864,,,
,,960,,,,,,0.521484375,
,,961,,,,,,0.52685546875,
,,962,,,,,,0.51806640625,
,,963,,,,,,0.5185546875,
,,964,,,,,,0.5185546875,
,,965,,,,,,0.521484375,
,,966,,,,,,0.533203125,
,,967,,,,,,0.51708984375,
,,968,,,,,,0.55029296875,
,,969,,,,,,0.5302734375,
,,970,,,,,,0.54833984375,
,,971,,,,,,0.5206477642059326,
80,,8504,,,,,0.5294786095619202,,1.4147213697433472
80,0.0010000000474974513,8504,864.4874267578125,0.5242233276367188,,,,,
81,,8549,,,0.53076171875,1.4079773426055908,,,
81,,8599,,,0.51611328125,1.4434895515441895,,,
,,972,,,,,,0.52392578125,
,,973,,,,,,0.51318359375,
,,974,,,,,,0.529296875,
,,975,,,,,,0.5029296875,
,,976,,,,,,0.52294921875,
,,977,,,,,,0.513671875,
,,978,,,,,,0.53076171875,
,,979,,,,,,0.51416015625,
,,980,,,,,,0.556640625,
,,981,,,,,,0.52734375,
,,982,,,,,,0.5419921875,
,,983,,,,,,0.5246963500976562,
81,,8609,,,,,0.526448667049408,,1.416900873184204
81,0.0010000000474974513,8609,874.523681640625,0.5274870991706848,,,,,
82,,8649,,,0.5302734375,1.395531415939331,,,
82,,8699,,,0.52490234375,1.4055111408233643,,,
,,984,,,,,,0.51513671875,
,,985,,,,,,0.51708984375,
,,986,,,,,,0.53076171875,
,,987,,,,,,0.52001953125,
,,988,,,,,,0.52294921875,
,,989,,,,,,0.51171875,
,,990,,,,,,0.53466796875,
,,991,,,,,,0.51904296875,
,,992,,,,,,0.56005859375,
,,993,,,,,,0.52197265625,
,,994,,,,,,0.54248046875,
,,995,,,,,,0.5125505924224854,
82,,8714,,,,,0.527164101600647,,1.4339351654052734
82,0.0010000000474974513,8714,884.958984375,0.5272229313850403,,,,,
83,,8749,,,0.544921875,1.4153517484664917,,,
83,,8799,,,0.53955078125,1.4061418771743774,,,
,,996,,,,,,0.529296875,
,,997,,,,,,0.5283203125,
,,998,,,,,,0.51904296875,
,,999,,,,,,0.5078125,
,,1000,,,,,,0.52490234375,
,,1001,,,,,,0.5185546875,
,,1002,,,,,,0.53564453125,
,,1003,,,,,,0.505859375,
,,1004,,,,,,0.55517578125,
,,1005,,,,,,0.521484375,
,,1006,,,,,,0.5380859375,
,,1007,,,,,,0.5214574933052063,
83,,8819,,,,,0.5292261242866516,,1.4155991077423096
83,0.0010000000474974513,8819,895.2605590820312,0.5274403095245361,,,,,
84,,8849,,,0.53564453125,1.414142370223999,,,
84,,8899,,,0.513671875,1.463089942932129,,,
,,1008,,,,,,0.51806640625,
,,1009,,,,,,0.533203125,
,,1010,,,,,,0.51904296875,
,,1011,,,,,,0.51611328125,
,,1012,,,,,,0.5302734375,
,,1013,,,,,,0.52685546875,
,,1014,,,,,,0.544921875,
,,1015,,,,,,0.5224609375,
,,1016,,,,,,0.55908203125,
,,1017,,,,,,0.52734375,
,,1018,,,,,,0.5439453125,
,,1019,,,,,,0.5246963500976562,
84,,8924,,,,,0.5305095911026001,,1.4044756889343262
84,0.0010000000474974513,8924,905.9988403320312,0.5284152626991272,,,,,
85,,8949,,,0.53369140625,1.397238850593567,,,
85,,8999,,,0.5283203125,1.3920756578445435,,,
,,1020,,,,,,0.5205078125,
,,1021,,,,,,0.52392578125,
,,1022,,,,,,0.529296875,
,,1023,,,,,,0.51025390625,
,,1024,,,,,,0.53857421875,
,,1025,,,,,,0.513671875,
,,1026,,,,,,0.52392578125,
,,1027,,,,,,0.5302734375,
,,1028,,,,,,0.5615234375,
,,1029,,,,,,0.53564453125,
,,1030,,,,,,0.5361328125,
,,1031,,,,,,0.5319837927818298,
85,,9029,,,,,0.5289736390113831,,1.411255121231079
85,0.0010000000474974513,9029,916.515869140625,0.5299232006072998,,,,,
86,,9049,,,0.552734375,1.3777707815170288,,,
86,,9099,,,0.53955078125,1.4205299615859985,,,
