filename,label
2018282.0300_21.png,gw
2018277.0430_11.png,gw
2018219.1606_20.png,gw
2018254.2148_21.png,gw
2018198.0548_01.png,gw
2018277.0430_10.png,gw
2018198.0548_21.png,gw
2018281.0142_10.png,gw
2018282.0118_12.png,gw
2018218.2312_20.png,gw
2018253.1524_11.png,gw
2018168.1530_22.png,gw
2018281.0136_12.png,gw
2018219.1600_11.png,gw
2018190.2154_00.png,gw
2018169.0124_11.png,gw
2018169.0442_10.png,gw
2018200.0648_12.png,gw
2018254.2330_21.png,gw
2018198.1742_00.png,gw
2018282.0300_20.png,gw
2018169.0442_20.png,gw
2018278.1048_31.png,gw
2018282.1800_20.png,gw
2018166.0042_01.png,gw
2018162.0706_12.png,gw
2018168.1530_31.png,gw
2018166.0042_11.png,gw
2018140.0030_20.png,gw
2018140.0212_30.png,gw
2018131.0700_12.png,gw
2018162.0200_10.png,gw
2018131.0700_20.png,gw
2018137.1454_11.png,gw
2018140.0212_20.png,gw
2018137.1454_12.png,gw
2018141.0012_11.png,gw
2018130.2224_31.png,gw
2018167.1530_11.png,gw
2018166.0042_10.png,gw
2018130.0018_10.png,gw
2018113.1912_11.png,gw
2018130.2218_20.png,gw
2018168.1530_21.png,gw
2018113.1730_20.png,gw
2018113.1912_10.png,gw
2018112.1242_22.png,gw
2018131.1006_21.png,gw
2018169.0630_12.png,gw
2018111.1118_22.png,gw
2018112.1100_12.png,gw
2018111.0112_11.png,gw
2018111.0112_21.png,gw
2018112.1242_31.png,gw
2018111.0942_21.png,gw
2018112.1100_22.png,gw
2018111.0112_20.png,gw
2018110.1136_12.png,gw
2018111.1118_12.png,gw
2018110.1136_21.png,gw
2018111.1118_10.png,gw
2018110.1142_00.png,gw
2018110.1136_22.png,gw
2018112.1930_21.png,gw
2018108.1906_00.png,gw
2018108.0854_12.png,gw
2018110.1136_20.png,gw
2018106.0124_21.png,gw
2018104.0142_12.png,gw
2018111.0942_00.png,gw
2018101.0600_20.png,gw
2018109.2030_10.png,gw
2018110.0824_00.png,gw
2018101.0600_10.png,gw
2018105.0630_10.png,gw
2018105.1454_11.png,gw
2018102.0036_12.png,gw
2018102.0036_22.png,gw
2018110.1318_32.png,gw
2018101.1612_12.png,gw
2018083.0700_11.png,gw
2018101.1612_11.png,gw
2018103.0200_11.png,gw
2018110.2148_22.png,gw
2018083.1024_10.png,gw
2018083.0700_21.png,gw
2018083.0700_22.png,gw
2018082.2212_22.png,gw
2018076.0212_12.png,gw
2018074.0112_22.png,gw
2018069.1606_20.png,gw
2018101.1612_10.png,gw
2018076.0212_20.png,gw
2018074.0254_22.png,gw
2018082.1200_22.png,gw
2018054.1548_20.png,gw
2018051.1136_21.png,gw
2018069.1600_22.png,gw
2018054.0036_22.png,gw
2018051.1136_11.png,gw
2018051.1318_10.png,gw
2018051.1318_31.png,gw
2018051.1318_30.png,gw
2018051.1136_20.png,gw
2018050.1336_21.png,gw
2018048.1600_22.png,gw
2018050.1336_20.png,gw
2018046.2024_11.png,gw
2018048.1606_20.png,gw
2018046.2018_22.png,gw
2018046.2024_20.png,gw
2018046.2024_10.png,gw
2018046.2018_12.png,gw
2018044.1412_12.png,gw
2018043.1612_10.png,gw
2018043.1230_21.png,gw
2018043.1230_22.png,gw
2018042.1454_31.png,gw
2018041.1312_10.png,gw
2018042.1248_20.png,gw
2018041.1306_12.png,gw
2018041.0130_22.png,gw
2018040.1142_22.png,gw
2018023.1706_21.png,gw
2018024.0836_00.png,gw
2018023.1706_30.png,gw
2018019.1500_22.png,gw
2018018.1524_20.png,gw
2018018.1524_11.png,gw
2018017.1606_00.png,gw
2018017.0900_11.png,gw
2018016.0230_12.png,gw
2018017.0900_21.png,gw
2018014.0500_22.png,gw
2018111.1948_20.png,gw
2018101.0124_10.png,gw
2018191.0112_20.png,gw
2018282.0118_11.png,gw
2018113.0218_10.png,gw
2018110.1142_10.png,gw
2018082.1200_12.png,gw
2018051.1136_22.png,gw
2018040.1142_02.png,gw
2018142.1518_20.png,gw
2018166.0042_20.png,gw
2018281.0142_20.png,gw
2018018.1524_10.png,gw
2018108.0036_11.png,gw
2018044.0900_21.png,gw
2018041.0312_10.png,gw
2018278.1054_22.png,ngw
2018277.0424_20.png,ngw
2018258.1712_21.png,ngw
2018248.2354_10.png,ngw
2018282.0754_21.png,ngw
2018282.1954_11.png,ngw
2018282.0748_30.png,ngw
2018277.0424_32.png,ngw
2018278.1048_00.png,ngw
2018282.1800_12.png,ngw
2018256.0418_00.png,ngw
2018258.1712_20.png,ngw
2018277.0424_30.png,ngw
2018246.2248_32.png,ngw
2018281.0136_10.png,ngw
2018282.1948_10.png,ngw
2018282.0748_20.png,ngw
2018277.0430_20.png,ngw
2018282.0124_22.png,ngw
2018248.2354_31.png,ngw
2018254.2330_10.png,ngw
2018282.1754_12.png,ngw
2018258.1712_01.png,ngw
2018246.2248_10.png,ngw
2018282.0118_10.png,ngw
2018248.2354_20.png,ngw
2018258.1712_10.png,ngw
2018254.2154_12.png,ngw
2018282.0300_10.png,ngw
2018248.2354_11.png,ngw
2018277.0430_12.png,ngw
2018281.0136_20.png,ngw
2018254.2336_10.png,ngw
2018282.1800_11.png,ngw
2018254.2336_02.png,ngw
2018246.2248_21.png,ngw
2018246.2242_01.png,ngw
2018282.1954_32.png,ngw
2018282.0300_22.png,ngw
2018277.0424_11.png,ngw
2018248.2354_01.png,ngw
2018281.0136_22.png,ngw
2018277.0430_02.png,ngw
2018254.2336_21.png,ngw
2018281.0142_11.png,ngw
2018282.0748_11.png,ngw
2018282.1954_10.png,ngw
2018246.2242_00.png,ngw
2018256.0424_22.png,ngw
2018278.1048_01.png,ngw
2018282.1948_12.png,ngw
2018282.0118_21.png,ngw
2018282.1948_20.png,ngw
2018277.0430_30.png,ngw
2018248.2354_32.png,ngw
2018253.1524_10.png,ngw
2018254.2330_31.png,ngw
2018282.0754_12.png,ngw
2018254.2330_22.png,ngw
2018278.1054_01.png,ngw
2018220.2054_21.png,ngw
2018281.0136_30.png,ngw
2018254.2154_10.png,ngw
2018278.1054_11.png,ngw
2018282.0124_11.png,ngw
2018277.0424_12.png,ngw
2018282.1754_32.png,ngw
2018258.1718_22.png,ngw
2018278.1048_10.png,ngw
2018282.0748_31.png,ngw
2018254.2336_12.png,ngw
2018278.1048_32.png,ngw
2018278.1054_12.png,ngw
2018278.1048_22.png,ngw
2018278.1048_11.png,ngw
2018281.0142_21.png,ngw
2018282.1954_12.png,ngw
2018277.0430_22.png,ngw
2018248.2354_22.png,ngw
2018277.0430_32.png,ngw
2018246.2248_11.png,ngw
2018246.2242_02.png,ngw
2018282.1948_21.png,ngw
2018281.0142_22.png,ngw
2018246.2248_20.png,ngw
2018256.0418_12.png,ngw
2018248.2354_30.png,ngw
2018278.1054_30.png,ngw
2018278.1048_02.png,ngw
2018278.1054_10.png,ngw
2018282.0754_22.png,ngw
2018282.0124_20.png,ngw
2018220.2054_20.png,ngw
2018248.2354_21.png,ngw
2018278.1048_20.png,ngw
2018220.1048_21.png,ngw
2018220.2054_00.png,ngw
2018220.0718_12.png,ngw
2018220.1048_11.png,ngw
2018198.1736_10.png,ngw
2018198.1742_20.png,ngw
2018220.2054_10.png,ngw
2018219.1418_10.png,ngw
2018220.0718_32.png,ngw
2018219.0600_22.png,ngw
2018220.1048_30.png,ngw
2018219.1054_21.png,ngw
2018220.0712_22.png,ngw
2018220.1048_31.png,ngw
2018220.1042_10.png,ngw
2018200.0142_02.png,ngw
2018246.2248_31.png,ngw
2018220.2054_11.png,ngw
2018219.1054_10.png,ngw
2018220.2054_12.png,ngw
2018220.0718_22.png,ngw
2018220.1048_20.png,ngw
2018220.0718_02.png,ngw
2018219.0600_20.png,ngw
2018220.1042_11.png,ngw
2018220.0718_00.png,ngw
2018200.0518_21.png,ngw
2018219.1418_32.png,ngw
2018220.2048_02.png,ngw
2018220.0718_30.png,ngw
2018219.1424_10.png,ngw
2018220.1042_12.png,ngw
2018219.1100_10.png,ngw
2018200.0142_20.png,ngw
2018219.1418_21.png,ngw
2018220.1048_10.png,ngw
2018200.0512_12.png,ngw
2018219.1606_11.png,ngw
2018220.2054_01.png,ngw
2018220.2048_12.png,ngw
2018219.1418_31.png,ngw
2018278.1054_20.png,ngw
2018219.1054_11.png,ngw
2018282.0754_20.png,ngw
2018282.1754_22.png,ngw
2018277.0430_31.png,ngw
2018278.1048_21.png,ngw
2018246.2248_22.png,ngw
2018281.0136_32.png,ngw
2018277.0424_22.png,ngw
2018200.0654_21.png,ngw
2018198.1742_11.png,ngw
2018220.0712_32.png,ngw
2018200.0648_10.png,ngw
2018219.1418_22.png,ngw
